Location,DATE,TIME,NROWS,SheetBar,Zmax,Zmax QF,Secchi,Secchi QF,Wave Code,Zice,Zice QF,ZSice,ZSice QF,PctIce,PctIce QF,Zsnow,Zsnow QF,PctSnow,PctSnow QF,Veg Cover,DuckWeed Cover,Fil.Algae Covr,Veg Density,Veg Type,Site Comment,Row #,Z,  QF ,Temp,  QF _1,D.O.,  QF _2,pH,  QF _3,Cond,  QF _4,Turb,  QF _5,Raw NTU,  QF _6,Vel,  QF _7,Dir,  QF _8,Smpl. Barcode,DIN,MET,SRP,SS,CHS,CHF,PHY,TNP
PL01.0P,12/12/2016,2:53:00 PM,2,40015000,2.14,,118,,,9,,9,,100,,2,,100,,0,0,0,,, LDO OXYGEN ,11,0.2,,1.1,,12.5,,8,,561,,,,,,0,,,X,,,,,,,,,
PL01.0P,12/12/2016,2:53:00 PM,2,40015000,2.14,,118,,,9,,9,,100,,2,,100,,0,0,0,,, LDO OXYGEN ,22,1.94,,3.1,,12.8,,7.9,,573,,,X,,X,0,,,X,,,,,,,,,
PL01.0P,12/23/2016,11:39:00 AM,2,40015005,2.12,,84,,,21,,21,,100,,6,,100,,0,0,0,,, LDO OXYGEN ,11,0.2,,0.5,,12.6,,7.9,,599,,,,,,0,,,X,,,,,,,,,
PL01.0P,12/23/2016,11:39:00 AM,2,40015005,2.12,,84,,,21,,21,,100,,6,,100,,0,0,0,,, LDO OXYGEN ,22,2.02,,1.8,,9.4,,7.7,,583,,,X,,X,0,,,X,,,,,,,,,
PL01.0P,1/17/2017,3:41:00 PM,2,40015011,2.18,,,5,,40,,38,,100,,7,,100,,0,0,0,,, LDO OXYGEN ,11,0.2,,0.2,,12.2,,7.8,,680,,3,,3,,0.01,,360,,,,,,,,,,
PL01.0P,1/17/2017,3:41:00 PM,2,40015011,2.18,,,5,,40,,38,,100,,7,,100,,0,0,0,,, LDO OXYGEN ,22,1.98,,2.2,,6.1,,7.5,,649,,,X,,X,0,,,X,,,,,,,,,
PL01.0P,1/26/2017,2:10:00 PM,2,40015178,2.19,,128,,,38,,36,,100,,6,,100,,0,0,0,,,,11,0.2,,0.1,,12.3,,7.8,,612,,3,,3,,0.01,,360,X,,,,,,,,,
PL01.0P,1/26/2017,2:10:00 PM,2,40015178,2.19,,128,,,38,,36,,100,,6,,100,,0,0,0,,,,22,1.99,,2.1,,8.9,,7.7,,665,,,X,,X,0.01,,360,X,,,,,,,,,
PL01.0P,2/15/2017,3:57:00 PM,2,40015181,2.09,,115,,,44,,40,,100,,,5,0,,0,0,0,,,,11,0.2,,1.4,,12.8,,8,,609,,4,,4,,0.01,,360,X,,,,,,,,,
PL01.0P,2/15/2017,3:57:00 PM,2,40015181,2.09,,115,,,44,,40,,100,,,5,0,,0,0,0,,,,22,1.89,,2.6,,12.2,,7.8,,600,,,X,,X,0,,,X,,,,,,,,,
PL01.0P,2/22/2017,12:40:00 PM,2,40015186,2.17,,122,,,30,,30,,100,,,5,0,,0,0,0,,,,11,0.2,,3.8,,12.9,,7.9,,543,,5,,5,,0.01,,360,X,,,,,,,,,
PL01.0P,2/22/2017,12:40:00 PM,2,40015186,2.17,,122,,,30,,30,,100,,,5,0,,0,0,0,,,,22,1.97,,3.2,,13,,7.8,,577,,,X,,X,0.01,,360,X,,,,,,,,,
PL01.0P,6/15/2017,2:26:00 PM,2,40015208,2.2,,152,,,,,,,,,,,,,3,,,2,S,,11,0.2,,26.4,,9,,8.3,,565,,4,,4,,,5,,,,,,,,,,,
PL01.0P,6/15/2017,2:26:00 PM,2,40015208,2.2,,152,,,,,,,,,,,,,3,,,2,S,,22,2,,22.9,,3,,7.8,,563,,,,,,,,,,,,,,,,,,
PL01.0P,6/29/2017,12:00:00 PM,2,40015210,1.34,,118,,,,,,,,,,,,,3,,,2,S,Not sure what time was when sampled.,11,0.2,,22.2,,10.9,,8.6,,580,,,,,,0.02,,360,,,,,,,,,,
PL01.0P,6/29/2017,12:00:00 PM,2,40015210,1.34,,118,,,,,,,,,,,,,3,,,2,S,Not sure what time was when sampled.,22,1.14,,21.2,,9.3,,8.4,,583,,,,,,,,,,,,,,,,,,
PL01.0P,7/14/2017,12:00:00 PM,2,40015212,2.1,,190,,,,,,,,,,,,,3,,,2,S,Not sure what time was when sampled.,11,0.2,,23.9,,9.9,,8.4,,522,,2,,2,,0.01,,360,X,,,,,,,,,
PL01.0P,7/14/2017,12:00:00 PM,2,40015212,2.1,,190,,,,,,,,,,,,,3,,,2,S,Not sure what time was when sampled.,22,1.9,,21,,2.1,,7.7,,484,,,,,,,,,,,,,,,,,,
PL01.0P,7/26/2017,4:01:00 PM,2,40015214,2.2,,175,,,,,,,,,,,,,3,,,2,S,,11,0.2,,26.1,,9.1,,8.5,,508,,5,,5,,0,,,X,,,,,,,,,
PL01.0P,7/26/2017,4:01:00 PM,2,40015214,2.2,,175,,,,,,,,,,,,,3,,,2,S,,22,2,,22.2,,0.5,,7.5,,455,,,,,,,,,,,,,,,,,,
PL01.0P,8/7/2017,2:56:00 PM,1,40015216,2.3,,214,,,,,,,,,,,,,3,,,2,S,Current velocity measurement may have been influenced by wind.,11,0.2,,25.4,,12.5,,8.7,,421,,2,,2,,0.04,,360,,,,,,,,,,
PL01.0P,8/23/2017,2:22:00 PM,2,40015218,1.92,,,5,,,,,,,,,,,,3,,,2,S,,11,0.2,,24.3,,12.2,,8.7,,435,,2,,2,,0.01,,350,X,,,,,,,,,
PL01.0P,8/23/2017,2:22:00 PM,2,40015218,1.92,,,5,,,,,,,,,,,,3,,,2,S,,22,1.72,,21.1,,1.7,,7.6,,435,,,,,,,,,,,,,,,,,,
PL01.0P,9/6/2017,2:05:00 PM,2,40015220,1.64,,164,2,,,,,,,,,,,,3,,,2,S,,11,0.2,,19.2,,13.5,,8.6,,507,,2,,2,,0.01,,360,X,,,,,,,,,
PL01.0P,9/6/2017,2:05:00 PM,2,40015220,1.64,,164,2,,,,,,,,,,,,3,,,2,S,,22,1.44,,17.6,,5.4,,7.8,,509,,,,,,,,,,,,,,,,,,
PL01.0P,10/4/2017,11:13:00 AM,2,40015222,1.62,,123,,,,,,,,,,,,,,,,,,,11,0.2,,18,,6.6,,7.9,,512,,4,,4,,0.02,,30,,,,,,,,,,
PL01.0P,10/4/2017,11:13:00 AM,2,40015222,1.62,,123,,,,,,,,,,,,,,,,,,,22,1.42,,17.3,,4.9,,7.8,,513,,,,,,,,,,,,,,,,,,
PL01.0P,10/31/2017,1:46:00 PM,2,40015224,1.61,,113,,,,,,,,,,,,,,,,,,,11,0.2,,6.1,,10.5,,8.2,,595,,5,,5,,0.01,,360,X,,,,,,,,,
PL01.0P,10/31/2017,1:46:00 PM,2,40015224,1.61,,113,,,,,,,,,,,,,,,,,,,22,1.4,,6.1,,10.2,,8.2,,593,,,,,,,,,,,,,,,,,,
PL01.0P,12/19/2017,11:10:00 AM,2,40015393,2.2,,192,,,12,,12,,100,,1,,100,,,,,,,,11,0.2,,0,,12.8,,7.9,,518,,4,,4,,0.01,,360,,,,,,,,,,
PL01.0P,12/19/2017,11:10:00 AM,2,40015393,2.2,,192,,,12,,12,,100,,1,,100,,,,,,,,22,2,,1.2,,9.8,,7.7,,523,,,X,,X,,X,,X,,,,,,,,,
PL01.0P,1/10/2018,12:30:00 PM,2,40015396,2.2,,186,,,34,,34,,100,,3,,100,,,,,,,,11,0.2,,0.8,,12.7,,8,,549,,,5,,5,0,,,X,,,,,,,,,
PL01.0P,1/10/2018,12:30:00 PM,2,40015396,2.2,,186,,,34,,34,,100,,3,,100,,,,,,,,22,2,,2.2,,3.8,,7.6,,588,,,X,,X,,X,,X,,,,,,,,,
PL01.0P,2/14/2018,1:31:00 PM,2,40015397,2.4,,163,,,54,,54,,100,,5,,100,,,,,,,,11,0.2,,0.9,,12.1,,7.8,,518,,2,,2,,0,,,X,,,,,,,,,
PL01.0P,2/14/2018,1:31:00 PM,2,40015397,2.4,,163,,,54,,54,,100,,5,,100,,,,,,,,22,2.2,,1.8,,7,,7.5,,543,,,X,,X,,X,,X,,,,,,,,,
PL01.0P,3/22/2018,11:31:00 AM,2,40015400,2.45,,165,,,42,,42,,100,,1,,100,,,,,,,,11,0.2,,1.4,,13.6,,8.1,,584,,5,,5,,0.03,,350,,,,,,,,,,
PL01.0P,3/22/2018,11:31:00 AM,2,40015400,2.45,,165,,,42,,42,,100,,1,,100,,,,,,,,22,2.25,,2,,13,,8,,617,,,X,,X,,X,,X,,,,,,,,,
PL01.0P,6/12/2018,2:03:00 PM,2,40015378,2.23,,180,,,,,,,,,,,,,,,,,,,11,0.2,,23.4,,9.5,,8.3,,508,,3,,3,,0.01,,30,,,,,,,,,,
PL01.0P,6/12/2018,2:03:00 PM,2,40015378,2.23,,180,,,,,,,,,,,,,,,,,,,22,2.03,,19.1,,6.4,,7.9,,471,,,,,,,,,,,,,,,,,,
PL01.0P,6/27/2018,10:23:00 AM,2,40015380,1.88,,108,,,,,,,,,,,,,,,,,,Logger about 100 yards downriver of site. Buoy covered with vegetation.,11,0.2,,23.8,,6.3,,7.9,,462,,5,,5,,0.15,,360,,,,,,,,,,
PL01.0P,6/27/2018,10:23:00 AM,2,40015380,1.88,,108,,,,,,,,,,,,,,,,,,Logger about 100 yards downriver of site. Buoy covered with vegetation.,22,1.68,,23.7,,6.4,,7.9,,462,,,,,,,,,,,,,,,,,,
PL01.0P,7/10/2018,2:25:00 PM,2,40015382,2.17,,180,,,,,,,,,,,,,,,,,,Very little vegetation o buoy.,11,0.2,,26,,8.2,,8.1,,552,,2,,2,,0.06,,180,,,,,,,,,,
PL01.0P,7/10/2018,2:25:00 PM,2,40015382,2.17,,180,,,,,,,,,,,,,,,,,,Very little vegetation o buoy.,22,1.97,,25.8,,7.5,,8,,553,,,,,,,,,,,,,,,,,,
PL01.0P,7/23/2018,3:15:00 PM,2,40015384,1.99,,162,,,,,,,,,,,,,,,,,,,11,0.2,,27.5,,11.5,,8.5,,500,,2,,2,,0.03,,360,,,,,,,,,,
PL01.0P,7/23/2018,3:15:00 PM,2,40015384,1.99,,162,,,,,,,,,,,,,,,,,,,22,1.79,,25.7,,7.7,,8,,509,,,,,,,,,,,,,,,,,,
PL01.0P,8/9/2018,3:00:00 PM,2,40015386,2.04,,204,2,,,,,,,,,,,,,,,,,No vegetation on buoy.,11,0.2,,28.8,,9.5,,8.5,,568,,2,,2,,0,,,X,,,,,,,,,
PL01.0P,8/9/2018,3:00:00 PM,2,40015386,2.04,,204,2,,,,,,,,,,,,,,,,,No vegetation on buoy.,22,1.84,,23.7,,5.4,,7.6,,580,,,,,,,,,,,,,,,,,,
PL01.0P,8/22/2018,11:11:00 AM,2,40015388,1.98,,198,2,,,,,,,,,,,,,,,,,,11,0.2,,22.1,,3.4,,7.6,,536,,1,,1,,,5,,,,,,,,,,,
PL01.0P,8/22/2018,11:11:00 AM,2,40015388,1.98,,198,2,,,,,,,,,,,,,,,,,,22,1.78,,21.2,,1.1,,7.4,,534,,,,,,,,,,,,,,,,,,
PL01.0P,9/5/2018,2:29:00 PM,2,40015390,2.04,,192,,,,,,,,,,,,,,,,,,Upper DO cap pretty dirty,11,0.2,,22,,4.7,,7.7,,480,,5,,5,,,5,,,,,,,,,,,
PL01.0P,9/5/2018,2:29:00 PM,2,40015390,2.04,,192,,,,,,,,,,,,,,,,,,Upper DO cap pretty dirty,22,1.84,,21.6,,2.1,,7.6,,499,,,,,,,,,,,,,,,,,,
PL01.0P,10/4/2018,2:15:00 PM,2,40015392,2.08,,94,,,,,,,,,,,,,,,,,,No vegetation on buoy.,11,0.2,,14.3,,8.6,,8,,516,,9,,9,,0.02,,360,,,,,,,,,,
PL01.0P,10/4/2018,2:15:00 PM,2,40015392,2.08,,94,,,,,,,,,,,,,,,,,,No vegetation on buoy.,22,1.88,,14,,7.5,,7.9,,512,,,,,,,,,,,,,,,,,,
PL01.0P,1/10/2019,15:10,2,40015667,2.07,,138,,,31,,31,,0,,,5,0,,,,,,,Assuming no snow cover.,11,0.2,,0.5,,14,,8,,546,,,,,,0.03,,30,,,,,,,,,,
PL01.0P,1/10/2019,15:10,2,40015667,2.07,,138,,,31,,31,,0,,,5,0,,,,,,,Assuming no snow cover.,22,1.87,,0.7,,14.7,,8,,546,,,,,,,,,,,,,,,,,,
PL01.0P,2/21/2019,14:45,2,40015668,2.2,,151,,,,,,,,,,,,,,,,,,,11,0.2,,0.1,,11.1,,7.7,,526,,,,,,0.01,,360,X,,,,,,,,,
PL01.0P,2/21/2019,14:45,2,40015668,2.2,,151,,,,,,,,,,,,,,,,,,,22,2,,0.4,,9.1,,7.6,,526,,,,,,,X,,X,,,,,,,,,
PL01.0P,3/8/2019,10:55,2,40015673,2.05,,122,,,62,,62,,100,,21,,100,,,,,,,,11,0.2,,0.2,,10.6,,7.4,,485,,,,,,0,,,X,,,,,,,,,
PL01.0P,3/8/2019,10:55,2,40015673,2.05,,122,,,62,,62,,100,,21,,100,,,,,,,,22,1.85,,0.2,,10.4,,7.4,,484,,,,,,,,,,,,,,,,,,
PL01.0P,3/22/2019,14:16,2,40015675,2.12,,72,,,50,,50,,100,,,5,0,,,,,,,,11,0.2,,1,,9.9,,7.3,,527,,,,,,0.03,,360,,,,,,,,,,
PL01.0P,3/22/2019,14:16,2,40015675,2.12,,72,,,50,,50,,100,,,5,0,,,,,,,,22,1.92,,1.2,,9.6,,7.3,,534,,,,,,,,,,,,,,,,,,
PL01.0P,6/25/2019,15:06,2,40015678,3.32,,99,,,,,,,,,,,,,,,,,,,11,0.2,,24.6,,8.5,,8.2,,629,,5,,5,,0.01,,330,X,,,,,,,,,
PL01.0P,6/25/2019,15:06,2,40015678,3.32,,99,,,,,,,,,,,,,,,,,,,22,3.12,,19.7,,5,,7.4,,551,,,,,,,,,,,,,,,,,,
PL01.0P,7/11/2019,14:19,2,40015680,2.12,,106,,,,,,,,,,,,,,,,,,,11,0.2,,27.4,,8.3,,8.2,,510,,6,,6,,0.01,,20,X,,,,,,,,,
PL01.0P,7/11/2019,14:19,2,40015680,2.12,,106,,,,,,,,,,,,,,,,,,,22,1.92,,23.9,,6.5,,7.8,,515,,,,,,,,,,,,,,,,,,
PL01.0P,7/22/2019,8:33,2,40015682,2.5,,121,,,,,,,,,,,,,,,,,,No veg around probe.,11,0.2,,25.2,,5.9,,7.9,,570,,5,,5,,0.02,,70,,,,,,,,,,
PL01.0P,7/22/2019,8:33,2,40015682,2.5,,121,,,,,,,,,,,,,,,,,,No veg around probe.,22,2.3,,21.7,,2.2,,7.5,,492,,,,,,,,,,,,,,,,,,
PL01.0P,8/8/2019,9:41,2,40015683,2.33,,208,,,,,,,,,,,,,,,,,,No veg around probe.,11,0.2,,25.2,,6.2,,8.1,,576,,2,,2,,0.01,,70,X,,,,,,,,,
PL01.0P,8/8/2019,9:41,2,40015683,2.33,,208,,,,,,,,,,,,,,,,,,No veg around probe.,22,2.31,,23.2,,5.4,,8,,581,,,,,,,X,,X,,,,,,,,,
PL01.0P,8/21/2019,9:58,2,40015685,1.94,,155,,,,,,,,,,,,,,,,,,No veg around probe.,11,0.2,,23.4,,9.4,,8.4,,545,,,,,,0.02,,330,,,,,,,,,,
PL01.0P,8/21/2019,9:58,2,40015685,1.94,,155,,,,,,,,,,,,,,,,,,No veg around probe.,22,1.74,,22,,5.8,,7.9,,527,,,,,,,,,,,,,,,,,,
PL01.0P,9/16/2019,14:19,2,40015687,2.29,,168,,,,,,,,,,,,,,,,,,No veg around bouy.,11,0.2,,22.8,,11.2,,8.5,,516,,,,,,0.02,,320,,,,,,,,,,
PL01.0P,9/16/2019,14:19,2,40015687,2.29,,168,,,,,,,,,,,,,,,,,,No veg around bouy.,22,2.09,,19.1,,6.2,,7.8,,501,,,,,,,,,,,,,,,,,,
PL01.0P,10/10/2019,0:00,1,40015690,,,62,,,,,,,,,,,,,,,,,,Limited information available at this site for some reason.,11,,,,,,,,,,,11,,11,,,,,,,,,,,,,,
PL01.0P,12/2/2019,14:21,2,40015691,2.2,,100,,,10,,10,,100,,,5,0,,,,,,,,11,0.2,,1.8,,12.8,,8,,566,,6,,6,,0.01,,350,X,,,,,,,,,
PL01.0P,12/2/2019,14:21,2,40015691,2.2,,100,,,10,,10,,100,,,5,0,,,,,,,,22,2,,2.4,,12.1,,7.9,,567,,,,,,,,,,,,,,,,,,
PL01.0P,1/10/2020,13:24,2,40015696,2.35,,92,,,24,,24,,100,,,5,0,,,,,,,,11,0.2,,0.2,,13.6,,7.9,,553,,,,,,0.02,,70,,,,,,,,,,
PL01.0P,1/10/2020,13:24,2,40015696,2.35,,92,,,24,,24,,100,,,5,0,,,,,,,,22,2.15,,0.2,,13.5,,7.9,,555,,,,,,,,,,,,,,,,,,
PL01.0P,2/4/2020,15:30,2,40015699,2.28,,108,,,40,,40,,100,,3,,100,,,,,,,,11,0.2,,0.4,,12.2,,7.7,,498,,,,,,0.02,,70,,,,,,,,,,
PL01.0P,2/4/2020,15:30,2,40015699,2.28,,108,,,40,,40,,100,,3,,100,,,,,,,,22,2.08,,1.6,,9,,7.6,,497,,,,,,,,,,,,,,,,,,
PL01.0P,3/4/2020,13:24,2,40015702,2.14,,189,,,26,,26,,100,,1,,10,,,,,,,,11,0.2,,1.1,,13.1,,7.8,,499,,4,,4,,0.01,,60,X,,,,,,,,,
PL01.0P,3/4/2020,13:24,2,40015702,2.14,,189,,,26,,26,,100,,1,,10,,,,,,,,22,1.94,,3.1,,6.5,,7.4,,494,,,,,,,X,,X,,,,,,,,,
PL01.0P,6/15/2020,11:19:00 AM,2,40015964,2.1,,149,,,,,,,,,,,,,,,,,,,11,0.2,,20.8,,10.1,,8.7,,450,,,,,,0,,,X,,,,,,,,,
PL01.0P,6/15/2020,11:19:00 AM,2,40015964,2.1,,149,,,,,,,,,,,,,,,,,,,22,1.9,,20.8,,10,,8.7,,451,,,,,,,,,,,,,,,,,,
PL01.0P,7/1/2020,3:15:00 PM,2,40015966,2.48,,187,,,,,,,,,,,,,,,,,,,11,0.2,,28,,13.8,,8.8,,482,,1,,1,,0.02,,70,,,,,,,,,,
PL01.0P,7/1/2020,3:15:00 PM,2,40015966,2.48,,187,,,,,,,,,,,,,,,,,,,22,2.28,,23.6,,4.6,,8,,490,,,,,,,,,,,,,,,,,,
PL01.0P,7/13/2020,10:13:00 AM,2,40015968,2.21,,221,2,,,,,,,,,,,,,,,,,,11,0.2,,26.9,,10.3,,8.6,,466,,1,,1,,0.01,,60,X,,,,,,,,,
PL01.0P,7/13/2020,10:13:00 AM,2,40015968,2.21,,221,2,,,,,,,,,,,,,,,,,,22,2.01,,25.5,,5.8,,8,,476,,,,,,,,,,,,,,,,,,
PL01.0P,7/30/2020,10:28:00 AM,2,40015970,2.22,,161,,,,,,,,,,,,,,,,,,,11,0.2,,25.8,,10.9,,8.5,,478,,3,,3,,0.02,,60,,,,,,,,,,
PL01.0P,7/30/2020,10:28:00 AM,2,40015970,2.22,,161,,,,,,,,,,,,,,,,,,,22,2.02,,23.4,,1.4,,7.5,,472,,,,,,,,,,,,,,,,,,
PL01.0P,8/13/2020,1:47:00 PM,2,40015972,2.28,,198,,,,,,,,,,,,,,,,,,,11,0.2,,26.3,,10.5,,8.6,,376,,,,,,0.01,,60,X,,,,,,,,,
PL01.0P,8/13/2020,1:47:00 PM,2,40015972,2.28,,198,,,,,,,,,,,,,,,,,,,22,2.08,,22.9,,2.6,,7.7,,402,,,,,,,,,,,,,,,,,,
PL01.0P,8/25/2020,2:11:00 PM,2,40015974,2.52,,186,,,,,,,,,,,,,,,,,,,11,0.2,,28.3,,10.3,,8.6,,397,,2,,2,,0.01,,70,X,,,,,,,,,
PL01.0P,8/25/2020,2:11:00 PM,2,40015974,2.52,,186,,,,,,,,,,,,,,,,,,,22,2.32,,20.8,,0.2,,7.8,,431,,,,,,,,,,,,,,,,,,
PL01.0P,9/10/2020,2:37:00 PM,2,40015976,2.36,,236,2,,,,,,,,,,,,,,,,,,11,0.2,,15.5,,9.7,,8.3,,381,,1,,1,,0.01,,130,X,,,,,,,,,
PL01.0P,9/10/2020,2:37:00 PM,2,40015976,2.36,,236,2,,,,,,,,,,,,,,,,,,22,2.16,,13.9,,9.1,,8.1,,376,,,,,,,,,,,,,,,,,,
PL01.0P,1/12/2021,12:30:00 PM,2,40015979,2.12,,212,2,,,,,,,,,,80,,,,,,,,11,0.2,,0.4,,12.6,,8,,451,,2,,2,,0.01,,60,X,,,,,,,,,
PL01.0P,1/12/2021,12:30:00 PM,2,40015979,2.12,,212,2,,,,,,,,,,80,,,,,,,,22,1.88,,3.3,,2.1,,7.4,,478,,,,,,,,,,,,,,,,,,
PL01.0P,2/25/2021,3:07:00 PM,2,40015982,2.32,,232,2,,48,,48,,100,,9,,100,,,,,,,,11,0.2,,0.4,,12,,7.9,,464,,,,,,0.01,,40,X,,,,,,,,,
PL01.0P,2/25/2021,3:07:00 PM,2,40015982,2.32,,232,2,,48,,48,,100,,9,,100,,,,,,,,22,2.12,,3.4,,1.5,,7.5,,526,,,,,,,,,,,,,,,,,,
PL01.0P,3/9/2021,2:34:00 PM,2,40015985,2.17,,181,,,40,,40,,100,,,5,0,,,,,,,,11,0.2,,3,,13.6,,7.8,,476,,1,,1,,0.01,,70,X,,,,,,,,,
PL01.0P,3/9/2021,2:34:00 PM,2,40015985,2.17,,181,,,40,,40,,100,,,5,0,,,,,,,,22,1.97,,4.5,,17.6,,8.1,,473,,,,,,,,,,,,,,,,,,
PL01.0P,1/12/2022,1:56:00 PM,2,40015995,1.99,,115,,,27,,27,,100,,4,,100,,,,,,,,11,0.2,,0.8,,13,,8.1,,576,,,,,,0.01,,50,X,,,,,,,,,
PL01.0P,1/12/2022,1:56:00 PM,2,40015995,1.99,,115,,,27,,27,,100,,4,,100,,,,,,,,22,1.79,,2.7,,4.8,,7.6,,587,,,,,,,,,,,,,,,,,,
PL01.0P,3/16/2022,9:23:00 AM,2,40015996,2.32,,132,,,45,,45,,100,,,5,0,,,,,,,,11,0.2,,2.9,,13.3,,7.7,,512,,3,,3,,0.01,,60,X,,,,,,,,,
PL01.0P,3/16/2022,9:23:00 AM,2,40015996,2.32,,132,,,45,,45,,100,,,5,0,,,,,,,,22,2.12,,3.5,,14.7,,,5,534,,,,,,,,,,,,,,,,,,
PL01.0P,6/1/2022,8:52:00 AM,2,40016000,2.29,,147,,,,,,,,,,,,,,,,,,,11,0.2,,18.7,,7.8,,7.9,,528,,4,,4,,0.03,,10,,,,,,,,,,
PL01.0P,6/1/2022,8:52:00 AM,2,40016000,2.29,,147,,,,,,,,,,,,,,,,,,,22,2.09,,18.1,,7,,7.8,,528,,,,,,,,,,,,,,,,,,
PL01.0P,6/17/2022,2:07:00 PM,5,40016003,2.2,,135,,,,,,,,,,,,,,,,,,,11,0.2,,23.6,,6.8,,7.8,,545,,,,,,0.04,,160,,,,,,,,,,
PL01.0P,6/17/2022,2:07:00 PM,5,40016003,2.2,,135,,,,,,,,,,,,,,,,,,,22,0.5,,22.9,,5,,7.9,,550,,,,,,,,,,,,,,,,,,
PL01.0P,6/17/2022,2:07:00 PM,5,40016003,2.2,,135,,,,,,,,,,,,,,,,,,,33,1,,21.4,,2.7,,7.5,,544,,,,,,,,,,,,,,,,,,
PL01.0P,6/17/2022,2:07:00 PM,5,40016003,2.2,,135,,,,,,,,,,,,,,,,,,,44,1.5,,21,,2.6,,7.5,,525,,,,,,,,,,,,,,,,,,
PL01.0P,6/17/2022,2:07:00 PM,5,40016003,2.2,,135,,,,,,,,,,,,,,,,,,,55,2,,17.8,,4.9,,7.6,,450,,,,,,,,,,,,,,,,,,
PL01.0P,6/29/2022,9:52:00 AM,5,40016004,2.2,,180,,,,,,,,,,,,,,,,,,,11,0.2,,24.3,,6.2,,8,,597,,3,,3,,0.03,,70,,,,,,,,,,
PL01.0P,6/29/2022,9:52:00 AM,5,40016004,2.2,,180,,,,,,,,,,,,,,,,,,,22,0.5,,23.2,,3,,7.7,,592,,,,,,,,,,,,,,,,,,
PL01.0P,6/29/2022,9:52:00 AM,5,40016004,2.2,,180,,,,,,,,,,,,,,,,,,,33,1,,22.5,,2,,7.6,,585,,,,,,,,,,,,,,,,,,
PL01.0P,6/29/2022,9:52:00 AM,5,40016004,2.2,,180,,,,,,,,,,,,,,,,,,,44,1.5,,21.5,,0.6,,7.4,,556,,,,,,,,,,,,,,,,,,
PL01.0P,6/29/2022,9:52:00 AM,5,40016004,2.2,,180,,,,,,,,,,,,,,,,,,,55,2,,18.2,,0.6,,7.4,,456,,,,,,,,,,,,,,,,,,
PL01.0P,7/13/2022,2:27:00 PM,6,40016007,2.33,,120,,,,,,,,,,,,,,,,,,,11,0.2,,26.3,,8.8,,8.4,,476,,,,,,0.01,,50,X,,,,,,,,,
PL01.0P,7/13/2022,2:27:00 PM,6,40016007,2.33,,120,,,,,,,,,,,,,,,,,,,22,0.5,,25.6,,8,,8.2,,482,,,,,,,,,,,,,,,,,,
PL01.0P,7/13/2022,2:27:00 PM,6,40016007,2.33,,120,,,,,,,,,,,,,,,,,,,33,1,,24.6,,5.9,,7.8,,487,,,,,,,,,,,,,,,,,,
PL01.0P,7/13/2022,2:27:00 PM,6,40016007,2.33,,120,,,,,,,,,,,,,,,,,,,44,1.5,,22.9,,3.1,,7.4,,505,,,,,,,,,,,,,,,,,,
PL01.0P,7/13/2022,2:27:00 PM,6,40016007,2.33,,120,,,,,,,,,,,,,,,,,,,55,2,,19,,0,,7.3,,505,,,,,,,,,,,,,,,,,,
PL01.0P,7/13/2022,2:27:00 PM,6,40016007,2.33,,120,,,,,,,,,,,,,,,,,,,66,2.13,,17.7,,0,,7.2,,506,,,,,,,,,,,,,,,,,,
PL01.0P,7/24/2022,9:00:00 AM,5,40016008,2.02,,,5,0,,,,,,,,,,,3,,,2,S,Duckweed covering 90% of the site,11,0.2,,24.8,,1,,7.4,,484,,,,,,,5,,,,,,,,,,,
PL01.0P,7/24/2022,9:00:00 AM,5,40016008,2.02,,,5,0,,,,,,,,,,,3,,,2,S,Duckweed covering 90% of the site,22,0.5,,24.6,,0.8,,7.4,,486,,,X,,X,,X,,X,,,,,,,,,
PL01.0P,7/24/2022,9:00:00 AM,5,40016008,2.02,,,5,0,,,,,,,,,,,3,,,2,S,Duckweed covering 90% of the site,33,1,,24.4,,0.4,,7.3,,485,,,X,,X,,X,,X,,,,,,,,,
PL01.0P,7/24/2022,9:00:00 AM,5,40016008,2.02,,,5,0,,,,,,,,,,,3,,,2,S,Duckweed covering 90% of the site,44,1.5,,22.7,,0.5,,7.3,,490,,,X,,X,,X,,X,,,,,,,,,
PL01.0P,7/24/2022,9:00:00 AM,5,40016008,2.02,,,5,0,,,,,,,,,,,3,,,2,S,Duckweed covering 90% of the site,55,1.82,,20.2,,0,,7.1,,511,,,X,,X,,X,,X,,,,,,,,,
PL01.0P,8/11/2022,2:16:00 PM,6,40016011,2.4,,108,,1,,,,,,,,,,,3,,,2,S,Dense Veg around site.,11,0.2,,26.9,,8.1,,8.3,,460,,,,,,0.01,,50,X,,,,,,,,,
PL01.0P,8/11/2022,2:16:00 PM,6,40016011,2.4,,108,,1,,,,,,,,,,,3,,,2,S,Dense Veg around site.,22,0.5,,25.6,,7.3,,8.2,,463,,,X,,X,,X,,X,,,,,,,,,
PL01.0P,8/11/2022,2:16:00 PM,6,40016011,2.4,,108,,1,,,,,,,,,,,3,,,2,S,Dense Veg around site.,33,1,,24.8,,6.6,,8,,458,,,X,,X,,X,,X,,,,,,,,,
PL01.0P,8/11/2022,2:16:00 PM,6,40016011,2.4,,108,,1,,,,,,,,,,,3,,,2,S,Dense Veg around site.,44,1.5,,24.5,,6,,8.1,,454,,,X,,X,,X,,X,,,,,,,,,
PL01.0P,8/11/2022,2:16:00 PM,6,40016011,2.4,,108,,1,,,,,,,,,,,3,,,2,S,Dense Veg around site.,55,2,,22.5,,0,,7.2,,467,,,X,,X,,X,,X,,,,,,,,,
PL01.0P,8/11/2022,2:16:00 PM,6,40016011,2.4,,108,,1,,,,,,,,,,,3,,,2,S,Dense Veg around site.,66,2.2,,22.1,,0,,7.2,,471,,,X,,X,,X,,X,,,,,,,,,
PL02.0P,12/12/2016,3:53:00 PM,2,40015002,1.95,,103,,,4,,4,,100,,,,100,,0,0,0,,, LDO OXYGEN ,11,0.2,,0.2,,13.5,,8.2,,556,,,,,,0.03,,,,,,,,,,,,
PL02.0P,12/12/2016,3:53:00 PM,2,40015002,1.95,,103,,,4,,4,,100,,,,100,,0,0,0,,, LDO OXYGEN ,22,1.75,,0.4,,13.1,,8.2,,556,,,X,,X,0.03,,,,,,,,,,,,
PL02.0P,12/23/2016,11:21:00 AM,2,40015004,1.94,,94,,,19,,19,,100,,7,,100,,,,,,, LDO OXYGEN ,11,0.2,,0.2,,12.7,,7.9,,593,,,,,,0.07,,350,,,,,,,,,,
PL02.0P,12/23/2016,11:21:00 AM,2,40015004,1.94,,94,,,19,,19,,100,,7,,100,,,,,,, LDO OXYGEN ,22,1.74,,0.2,,12.7,,7.9,,597,,,X,,X,0.03,X,350,X,,,,,,,,,
PL02.0P,1/9/2017,12:04:00 PM,2,40015007,1.92,,144,,,23,,23,,100,,3,,100,,0,0,0,,, LDO OXYGEN ,11,0.2,,0.1,,12.5,,7.8,,646,,3,,3,,0.03,,30,,,,,,,,,,
PL02.0P,1/9/2017,12:04:00 PM,2,40015007,1.92,,144,,,23,,23,,100,,3,,100,,0,0,0,,, LDO OXYGEN ,22,1.72,,0.2,,12.3,,7.7,,652,,,X,,X,0.02,,30,,,,,,,,,,
PL02.0P,1/17/2017,3:12:00 PM,2,40015010,1.95,,152,,,28,,28,,100,,8,,100,,0,0,0,,, LDO OXYGEN ,11,0.2,,0.1,,12.8,,7.8,,678,,3,,3,,0.05,,360,,,,,,,,,,
PL02.0P,1/17/2017,3:12:00 PM,2,40015010,1.95,,152,,,28,,28,,100,,8,,100,,0,0,0,,, LDO OXYGEN ,22,1.75,,0.3,,12,,7.7,,672,,,X,,X,0.04,,360,X,,,,,,,,,
PL02.0P,1/26/2017,2:20:00 PM,2,40015179,1.95,,164,,,24,,23,,100,,6,,100,,0,0,0,,,,11,0.2,,0.2,,12.7,,7.9,,608,,3,,3,,0.04,,40,,,,,,,,,,
PL02.0P,1/26/2017,2:20:00 PM,2,40015179,1.95,,164,,,24,,23,,100,,6,,100,,0,0,0,,,,22,1.75,,0.4,,12.5,,7.9,,611,,,X,,X,0.04,,40,,,,,,,,,,
PL02.0P,2/15/2017,4:10:00 PM,2,40015182,1.85,,153,,,22,,22,,100,,,5,0,,0,0,0,,,,11,0.2,,1.1,,15.2,,8.1,,605,,4,,4,,0.04,,40,,,,,,,,,,
PL02.0P,2/15/2017,4:10:00 PM,2,40015182,1.85,,153,,,22,,22,,100,,,5,0,,0,0,0,,,,22,1.65,,1.3,,15,,8.2,,606,,,X,,X,0.03,,40,,,,,,,,,,
PL02.0P,2/22/2017,12:15:00 PM,2,40015185,1.98,,137,,0,,5,,5,0,,,5,0,,0,0,0,,,,11,0.2,,3.1,,15.1,,8,,510,,4,,4,,0.04,,10,,,,,,,,,,
PL02.0P,2/22/2017,12:15:00 PM,2,40015185,1.98,,137,,0,,5,,5,0,,,5,0,,0,0,0,,,,22,1.78,,2.8,,14.2,,7.9,,566,,,X,,X,0.04,,10,,,,,,,,,,
PL02.0P,1/10/2018,12:19:00 PM,2,40015395,2.05,,140,,,22,,22,,100,,6,,100,,,,,,,,11,0.2,,0.8,,12,,8,,531,,,5,,5,0.02,,360,,,,,,,,,,
PL02.0P,1/10/2018,12:19:00 PM,2,40015395,2.05,,140,,,22,,22,,100,,6,,100,,,,,,,,22,1.85,,1,,10.3,,7.8,,561,,,X,,X,,X,,X,,,,,,,,,
PL02.0P,2/16/2018,9:57:00 AM,2,40015398,2.18,,212,,,37,,37,,100,,4,,100,,,,,,,,11,0.2,,0.2,,11.8,,7.2,,518,,2,,2,,0.02,,360,,,,,,,,,,
PL02.0P,2/16/2018,9:57:00 AM,2,40015398,2.18,,212,,,37,,37,,100,,4,,100,,,,,,,,22,1.98,,0.5,,11.9,,7.3,,522,,,X,,X,,X,,X,,,,,,,,,
PL02.0P,3/22/2018,12:19:00 PM,2,40015401,1.98,,177,,,,5,,5,50,,,5,0,,,,,,,,11,0.2,,2.2,,13.7,,8.1,,621,,4,,4,,0.08,,20,,,,,,,,,,
PL02.0P,3/22/2018,12:19:00 PM,2,40015401,1.98,,177,,,,5,,5,50,,,5,0,,,,,,,,22,1.78,,2.3,,13.7,,8.1,,622,,,X,,X,,X,,X,,,,,,,,,
PL02.0P,1/10/2019,15:01,2,40015666,1.89,,149,,,9,,9,,100,,0,,0,,,,,,,Assuming no snow cover.,11,0.2,,0.5,,15,,8.1,,542,,,5,,5,0.03,,50,,,,,,,,,,
PL02.0P,1/10/2019,15:01,2,40015666,1.89,,149,,,9,,9,,100,,0,,0,,,,,,,Assuming no snow cover.,22,1.69,,0.7,,15.2,,8.1,,552,,,X,,X,,X,,X,,,,,,,,,
PL02.0P,2/21/2019,14:56,2,40015669,2,,142,,,,,,,,,,,,,,,,,,,11,0.2,,0.1,,11,,7.8,,526,,,,,,0.03,,10,,,,,,,,,,
PL02.0P,2/21/2019,14:56,2,40015669,2,,142,,,,,,,,,,,,,,,,,,,22,1.8,,0.2,,9.8,,7.6,,524,,,,,,,,,,,,,,,,,,
PL02.0P,3/8/2019,10:40,2,40015672,2,,128,,,42,,42,,100,,11,,100,,,,,,,,11,0.2,,0.1,,10.3,,7.4,,486,,,,,,0.02,,10,,,,,,,,,,
PL02.0P,3/8/2019,10:40,2,40015672,2,,128,,,42,,42,,100,,11,,100,,,,,,,,22,1.8,,0.2,,9.9,,7.4,,486,,,,,,,,,,,,,,,,,,
PL02.0P,3/22/2019,14:28,2,40015676,2.12,,65,,,,,,,,,,,,,,,,,,Ice and snow conditions not recorded.,11,0.2,,0.8,,9.7,,7.4,,526,,,,,,0.09,,20,,,,,,,,,,
PL02.0P,3/22/2019,14:28,2,40015676,2.12,,65,,,,,,,,,,,,,,,,,,Ice and snow conditions not recorded.,22,1.92,,0.9,,9.6,,7.4,,528,,,,,,,,,,,,,,,,,,
PL02.0P,12/2/2019,14:35,2,40015692,2.19,,124,,,1,,1,,100,,,5,0,,,,,,,,11,0.2,,1.6,,13,,8,,573,,5,,5,,0.01,,360,X,,,,,,,,,
PL02.0P,12/2/2019,14:35,2,40015692,2.19,,124,,,1,,1,,100,,,5,0,,,,,,,,22,1.99,,2.1,,12.8,,7.9,,572,,,,,,,X,,X,,,,,,,,,
PL02.0P,1/10/2020,12:50,2,40015695,2.33,,112,,,22,,22,,100,,,5,0,,,,,,,,11,0.2,,0.2,,13.5,,7.9,,556,,,,,,0.03,,360,,,,,,,,,,
PL02.0P,1/10/2020,12:50,2,40015695,2.33,,112,,,22,,22,,100,,,5,0,,,,,,,,22,2.13,,0.3,,13.5,,7.8,,557,,,,,,,,,,,,,,,,,,
PL02.0P,2/4/2020,15:22,2,40015698,2.18,,121,,,32,,32,,100,,4,,100,,,,,,,,11,0.2,,0.5,,11.8,,7.7,,513,,,,,,0.01,,10,X,,,,,,,,,
PL02.0P,2/4/2020,15:22,2,40015698,2.18,,121,,,32,,32,,100,,4,,100,,,,,,,,22,1.98,,1.2,,10.1,,7.6,,512,,,,,,,X,,X,,,,,,,,,
PL02.0P,3/4/2020,12:45,2,40015701,2.02,,157,,,41,,41,,100,,4,,100,,,,,,,,11,0.2,,2,,13.3,,7.7,,484,,3,,3,,0.01,,350,X,,,,,,,,,
PL02.0P,3/4/2020,12:45,2,40015701,2.02,,157,,,41,,41,,100,,4,,100,,,,,,,,22,1.82,,2.2,,8.8,,7.4,,502,,,,,,,,,,,,,,,,,,
PL02.0P,1/12/2021,11:54:00 AM,2,40015978,2.13,,188,,,27,,27,,100,,2,,80,,,,,,,,11,0.2,,0.6,,12.4,,7.9,,465,,2,,2,,0.02,,350,,,,,,,,,,
PL02.0P,1/12/2021,11:54:00 AM,2,40015978,2.13,,188,,,27,,27,,100,,2,,80,,,,,,,,22,1.97,,1.8,,8,,7.9,,466,,,,,,,,,,,,,,,,,,
PL02.0P,2/25/2021,2:35:00 PM,2,40015981,2.18,,204,,,42,,42,,100,,11,,100,,,,,,,Bluegill and Bass seen on camera,11,0.2,,0.5,,12,,7.9,,462,,,,,,0.01,,360,X,,,,,,,,,
PL02.0P,2/25/2021,2:35:00 PM,2,40015981,2.18,,204,,,42,,42,,100,,11,,100,,,,,,,Bluegill and Bass seen on camera,22,1.98,,1.4,,6,,7.5,,494,,,,,,,,,,,,,,,,,,
PL02.0P,3/9/2021,2:20:00 PM,2,40015984,2,,185,,,38,,38,,100,,,5,0,,,,,,,,11,0.2,,3.8,,16.1,,8.1,,428,,4,,4,,0.01,,360,X,,,,,,,,,
PL02.0P,3/9/2021,2:20:00 PM,2,40015984,2,,185,,,38,,38,,100,,,5,0,,,,,,,,22,1.8,,3.6,,17,,8,,458,,,,,,,,,,,,,,,,,,
PL02.0P,1/12/2022,1:44:00 PM,2,40015994,1.94,,121,,,29,,29,,,,,,,,,,,,,Snow conditions not recorded,11,0.2,,0.7,,14.5,,8.2,,585,,,,,,0,,,X,,,,,,,,,
PL02.0P,1/12/2022,1:44:00 PM,2,40015994,1.94,,121,,,29,,29,,,,,,,,,,,,,Snow conditions not recorded,22,1.74,,1.8,,10.8,,7.8,,598,,,,,,,,,,,,,,,,,,
PL02.0P,3/16/2022,9:52:00 AM,2,40015997,2.09,,122,,,45,,45,,100,,,5,0,,,,,,,,11,0.2,,3.4,,24.9,2,8.5,,467,,9,,9,,0.01,,350,X,,,,,,,,,
PL02.0P,3/16/2022,9:52:00 AM,2,40015997,2.09,,122,,,45,,45,,100,,,5,0,,,,,,,,22,1.89,,3.3,,21.4,2,8.3,,509,,,,,,,,,,,,,,,,,,
PL03.0P,12/12/2016,3:36:00 PM,2,40015001,2.46,,96,,,10,,10,,100,,8,,100,,0,0,0,,, LDO OXYGEN ,11,0.2,,0.3,,13,,7.9,,556,,,,,,0.01,,,X,,,,,,,,,
PL03.0P,12/12/2016,3:36:00 PM,2,40015001,2.46,,96,,,10,,10,,100,,8,,100,,0,0,0,,, LDO OXYGEN ,22,2.26,,0.3,,12.6,,7.8,,556,,,X,,X,0.01,,,X,,,,,,,,,
PL03.0P,12/23/2016,11:06:00 AM,2,40015003,2.45,,101,,,20,,20,,100,,,,100,,0,0,0,,, LDO OXYGEN ,11,0.2,,0.7,,12.6,,7.8,,592,,,,,,0.02,,345,,,,,,,,,,
PL03.0P,12/23/2016,11:06:00 AM,2,40015003,2.45,,101,,,20,,20,,100,,,,100,,0,0,0,,, LDO OXYGEN ,22,2.25,,0.2,,12.7,,7.8,,600,,,X,,X,0.01,,345,,,,,,,,,,
PL03.0P,1/9/2017,11:49:00 AM,2,40015006,2.5,,94,,,32,,32,,100,,2,,100,,0,0,0,,, LDO OXYGEN ,11,0.2,,0.6,,12.2,,7.7,,637,,3,,3,,0,,,X,,,,,,,,,
PL03.0P,1/9/2017,11:49:00 AM,2,40015006,2.5,,94,,,32,,32,,100,,2,,100,,0,0,0,,, LDO OXYGEN ,22,2.3,,0.3,,12.3,,7.7,,643,,,X,,X,0,,,X,,,,,,,,,
PL03.0P,1/9/2017,12:19:00 PM,2,40015008,2.13,,,5,,37,,32,,100,,,,100,,0,0,0,,, LDO OXYGEN ,11,0.2,,0.9,,11.8,,7.7,,636,,3,,3,,0,X,,X,,,,,,,,,
PL03.0P,1/9/2017,12:19:00 PM,2,40015008,2.13,,,5,,37,,32,,100,,,,100,,0,0,0,,, LDO OXYGEN ,22,1.93,,1.8,,9.3,,7.6,,659,,,X,,X,0,,,X,,,,,,,,,
PL03.0P,1/17/2017,2:25:00 PM,2,40015009,2.49,,122,,,37,,37,,100,,7,,100,,0,0,0,,, LDO OXYGEN ,11,0.2,,0.1,,12.6,,7.7,,679,,6,,6,,0.02,,340,,,,,,,,,,
PL03.0P,1/17/2017,2:25:00 PM,2,40015009,2.49,,122,,,37,,37,,100,,7,,100,,0,0,0,,, LDO OXYGEN ,22,2.29,,0.3,,12.7,,7.7,,675,,,X,,X,0.02,,340,,,,,,,,,,
PL03.0P,1/26/2017,2:30:00 PM,2,40015180,2.52,,144,,,34,,32,,100,,6,,100,,0,0,0,,,,11,0.2,,0.3,,12.6,,7.9,,607,,4,,4,,0.02,,350,,,,,,,,,,
PL03.0P,1/26/2017,2:30:00 PM,2,40015180,2.52,,144,,,34,,32,,100,,6,,100,,0,0,0,,,,22,2.32,,0.2,,11.8,,7.8,,608,,,X,,X,0.02,,350,,,,,,,,,,
PL03.0P,2/15/2017,4:20:00 PM,2,40015183,2.46,,127,,,39,,35,,100,,,5,0,,0,0,0,,,,11,0.2,,0.9,,15.2,,8.1,,607,,5,,5,,0.02,,340,,,,,,,,,,
PL03.0P,2/15/2017,4:20:00 PM,2,40015183,2.46,,127,,,39,,35,,100,,,5,0,,0,0,0,,,,22,2.26,,1.2,,15.1,,8.1,,608,,,X,,X,0.01,,340,X,,,,,,,,,
PL03.0P,2/22/2017,11:40:00 AM,2,40015184,2.52,,146,,,24,,26,,100,,,5,0,,0,0,0,,,,11,0.2,,2.5,,13.5,,7.9,,529,,4,,4,,0.02,,360,,,,,,,,,,
PL03.0P,2/22/2017,11:40:00 AM,2,40015184,2.52,,146,,,24,,26,,100,,,5,0,,0,0,0,,,,22,2.32,,2.6,,13.9,,8,,572,,,X,,X,0.01,,360,X,,,,,,,,,
PL03.0P,6/15/2017,1:55:00 PM,2,40015207,2.7,,169,,,,,,,,,,,,,3,,,2,S,,11,0.2,,25.8,,9.4,,8.4,,557,,3,,3,,,5,,,,,,,,,,,
PL03.0P,6/15/2017,1:55:00 PM,2,40015207,2.7,,169,,,,,,,,,,,,,3,,,2,S,,22,2.5,,23.4,,3,,7.7,,544,,,,,,,,,,,,,,,,,,
PL03.0P,6/29/2017,10:23:00 AM,2,40015209,2.7,,226,,,,,,,,,,,,,3,,,2,S,,11,0.2,,21.5,,6.8,,8.2,,614,,,5,,5,0.06,,,,,,,,,,,,
PL03.0P,6/29/2017,10:23:00 AM,2,40015209,2.7,,226,,,,,,,,,,,,,3,,,2,S,,22,2.5,,21,,7.5,,8.3,,613,,,,,,,,,,,,,,,,,,
PL03.0P,7/14/2017,12:00:00 PM,2,40015211,2.58,,258,,,,,,,,,,,,,3,,,2,S,Not sure what time was when sampled.,11,0.2,,23.7,,9.7,,8.5,,543,,1,,1,,0.03,,310,,,,,,,,,,
PL03.0P,7/14/2017,12:00:00 PM,2,40015211,2.58,,258,,,,,,,,,,,,,3,,,2,S,Not sure what time was when sampled.,22,2.38,,21.5,,6.3,,8,,539,,,,,,,,,,,,,,,,,,
PL03.0P,7/26/2017,3:13:00 PM,2,40015213,2.7,,240,,,,,,,,,,,,,3,,,2,S,,11,0.2,,26,,9.2,,8.4,,524,,2,,2,,0,,,X,,,,,,,,,
PL03.0P,7/26/2017,3:13:00 PM,2,40015213,2.7,,240,,,,,,,,,,,,,3,,,2,S,,22,2.5,,24,,2.1,,7.7,,519,,,,,,,,,,,,,,,,,,
PL03.0P,8/7/2017,2:45:00 PM,2,40015215,2.7,,246,,,,,,,,,,,,,3,,,2,S,,11,0.2,,26.3,,13.7,,8.8,,426,,1,,1,,0.02,,350,,,,,,,,,,
PL03.0P,8/7/2017,2:45:00 PM,2,40015215,2.7,,246,,,,,,,,,,,,,3,,,2,S,,22,2.5,,22.2,,3.2,,7.7,,439,,,,,,,,,,,,,,,,,,
PL03.0P,8/23/2017,2:05:00 PM,2,40015217,2.53,,,5,,,,,,,,,,,,3,,,2,S,,11,0.2,,23.1,,10.1,,8.5,,449,,1,,1,,0.04,,320,,,,,,,,,,
PL03.0P,8/23/2017,2:05:00 PM,2,40015217,2.53,,,5,,,,,,,,,,,,3,,,2,S,,22,2.33,,21.1,,4.2,,7.8,,454,,,,,,,,,,,,,,,,,,
PL03.0P,9/6/2017,1:49:00 PM,2,40015219,2.46,,246,2,,,,,,,,,,,,3,,,2,S,,11,0.2,,18.5,,9.4,,8.2,,537,,1,,1,,0.03,,330,,,,,,,,,,
PL03.0P,9/6/2017,1:49:00 PM,2,40015219,2.46,,246,2,,,,,,,,,,,,3,,,2,S,,22,2.26,,17.2,,5.4,,7.9,,540,,,,,,,,,,,,,,,,,,
PL03.0P,10/4/2017,10:51:00 AM,2,40015221,2.44,,244,2,,,,,,,,,,,,,,,,,,11,0.2,,17.7,,5.6,,7.9,,511,,2,,2,,0.04,,20,,,,,,,,,,
PL03.0P,10/4/2017,10:51:00 AM,2,40015221,2.44,,244,2,,,,,,,,,,,,,,,,,,22,2.24,,17,,4.4,,7.8,,506,,,,,,,,,,,,,,,,,,
PL03.0P,10/31/2017,1:35:00 PM,2,40015223,2.49,,117,,,,,,,,,,,,,,,,,,,11,0.2,,6.8,,10.8,,8.2,,595,,5,,5,,0.08,,330,,,,,,,,,,
PL03.0P,10/31/2017,1:35:00 PM,2,40015223,2.49,,117,,,,,,,,,,,,,,,,,,,22,2.29,,6.9,,10.7,,8.2,,595,,,,,,,,,,,,,,,,,,
PL03.0P,1/10/2018,12:04:00 PM,2,40015394,2.53,,185,,,25,,25,,100,,6,,100,,,,,,,,11,0.2,,0.5,,12.4,,8,,536,,,5,,5,0.02,,340,,,,,,,,,,
PL03.0P,1/10/2018,12:04:00 PM,2,40015394,2.53,,185,,,25,,25,,100,,6,,100,,,,,,,,22,2.33,,1.1,,9.3,,7.8,,564,,,X,,X,,X,,X,,,,,,,,,
PL03.0P,2/16/2018,10:23:00 AM,2,40015399,2.64,,165,,,46,,46,,100,,1,,100,,,,,,,,11,0.2,,0.2,,10.7,,7.6,,519,,2,,2,,0.02,,10,,,,,,,,,,
PL03.0P,2/16/2018,10:23:00 AM,2,40015399,2.64,,165,,,46,,46,,100,,1,,100,,,,,,,,22,2.44,,1.2,,9.5,,7.5,,531,,,X,,X,,X,,X,,,,,,,,,
PL03.0P,3/22/2018,12:35:00 PM,2,40015402,2.14,,142,,,,5,,5,50,,,5,0,,,,,,,,11,0.2,,2.8,,8.2,,8.2,,555,,6,,6,,,5,,,,,,,,,,,
PL03.0P,3/22/2018,12:35:00 PM,2,40015402,2.14,,142,,,,5,,5,50,,,5,0,,,,,,,,22,1.94,,3.1,,13.1,,8.1,,593,,,X,,X,,X,,X,,,,,,,,,
PL03.0P,6/19/2018,1:45:00 PM,2,40015377,2.44,,244,2,,,,,,,,,,,,,,,,,,11,0.2,,23.6,,10.8,,8.4,,507,,2,,2,,0.04,,340,,,,,,,,,,
PL03.0P,6/19/2018,1:45:00 PM,2,40015377,2.44,,244,2,,,,,,,,,,,,,,,,,,22,2.24,,22.6,,3.4,,7.7,,524,,,,,,,,,,,,,,,,,,
PL03.0P,6/27/2018,10:02:00 AM,2,40015379,2.88,,144,,,,,,,,,,,,,,,,,,Buoy covered with vegetation,11,0.2,,23.6,,6.2,,7.8,,462,,4,,4,,0.21,,340,,,,,,,,,,
PL03.0P,6/27/2018,10:02:00 AM,2,40015379,2.88,,144,,,,,,,,,,,,,,,,,,Buoy covered with vegetation,22,2.68,,23.6,,6.2,,7.8,,462,,,,,,,,,,,,,,,,,,
PL03.0P,7/10/2018,2:07:00 PM,2,40015381,2.46,,171,,,,,,,,,,,,,,,,,,Buoy covered with vegetation.,11,0.2,,26.1,,9.4,,8.2,,550,,2,,2,,0.07,,340,,,,,,,,,,
PL03.0P,7/10/2018,2:07:00 PM,2,40015381,2.46,,171,,,,,,,,,,,,,,,,,,Buoy covered with vegetation.,22,2.26,,25.9,,8.3,,8.1,,551,,,,,,,,,,,,,,,,,,
PL03.0P,7/23/2018,3:56:00 PM,2,40015383,2.58,,,5,,,,,,,,,,,,,,,,,Very little vegetation on buoy.,11,0.2,,27.2,,11.4,,8.5,,502,,2,,2,,0.08,,340,,,,,,,,,,
PL03.0P,7/23/2018,3:56:00 PM,2,40015383,2.58,,,5,,,,,,,,,,,,,,,,,Very little vegetation on buoy.,22,2.38,,25.8,,8.2,,8.1,,508,,,,,,,,,,,,,,,,,,
PL03.0P,8/9/2018,2:45:00 PM,2,40015385,2.48,,198,,,,,,,,,,,,,,,,,,Very little vegetation on buoy.,11,0.2,,26.8,,8.8,,8.4,,576,,2,,2,,0,,,X,,,,,,,,,
PL03.0P,8/9/2018,2:45:00 PM,2,40015385,2.48,,198,,,,,,,,,,,,,,,,,,Very little vegetation on buoy.,22,2.28,,25.8,,7.5,,8.2,,566,,,,,,,,,,,,,,,,,,
PL03.0P,8/22/2018,10:39:00 AM,2,40015387,2.5,,250,2,,,,,,,,,,,,,,,,,,11,0.2,,22.8,,6.2,,7.9,,522,,1,,1,,,5,,,,,,,,,,,
PL03.0P,8/22/2018,10:39:00 AM,2,40015387,2.5,,250,2,,,,,,,,,,,,,,,,,,22,2.3,,21.1,,2.4,,7.5,,529,,,,,,,,,,,,,,,,,,
PL03.0P,9/5/2018,2:15:00 PM,2,40015389,2.41,,241,2,,,,,,,,,,,,,,,,,Lots of vegetation on buoy.,11,0.2,,22.4,,4.7,,7.8,,491,,1,,1,,,5,,,,,,,,,,,
PL03.0P,9/5/2018,2:15:00 PM,2,40015389,2.41,,241,2,,,,,,,,,,,,,,,,,Lots of vegetation on buoy.,22,2.21,,22.4,,3.6,,7.7,,487,,,,,,,,,,,,,,,,,,
PL03.0P,10/4/2018,2:53:00 PM,2,40015391,2.52,,62,,,,,,,,,,,,,,,,,,No vegetation on buoy. Water is turbid.,11,0.2,,14.3,,9.5,,8.1,,529,,13,,13,,0.11,,20,,,,,,,,,,
PL03.0P,10/4/2018,2:53:00 PM,2,40015391,2.52,,62,,,,,,,,,,,,,,,,,,No vegetation on buoy. Water is turbid.,22,2.32,,13,,7.5,,7.9,,524,,,,,,,,,,,,,,,,,,
PL03.0P,1/10/2019,14:45,2,40015665,2.48,,138,,,24,,24,,10,,,5,0,,,,,,,Assuming no snow cover.,11,0.2,,0.5,,14.3,,8,,546,,,5,,5,0.03,,30,,,,,,,,,,
PL03.0P,1/10/2019,14:45,2,40015665,2.48,,138,,,24,,24,,10,,,5,0,,,,,,,Assuming no snow cover.,22,2.28,,0.5,,14,,8,,547,,,X,,X,,X,,X,,,,,,,,,
PL03.0P,2/21/2019,15:08,2,40015670,2.6,,128,,,,,,,,,,,,,,,,,,,11,0.2,,0.1,,10.9,,7.7,,526,,,,,,0.02,,350,,,,,,,,,,
PL03.0P,2/21/2019,15:08,2,40015670,2.6,,128,,,,,,,,,,,,,,,,,,,22,2.4,,0.3,,9,,7.6,,526,,,,,,,,,,,,,,,,,,
PL03.0P,3/8/2019,10:28,2,40015671,2.6,,60,,,60,,60,,100,,16,,100,,,,,,,,11,0.2,,0.1,,10.4,,7.3,,485,,,,,,0.01,,30,X,,,,,,,,,
PL03.0P,3/8/2019,10:28,2,40015671,2.6,,60,,,60,,60,,100,,16,,100,,,,,,,,22,2.4,,0.3,,8.2,,7.2,,489,,,,,,,,,,,,,,,,,,
PL03.0P,3/22/2019,11:50,2,40015674,2.75,,52,,,38,,38,,100,,,5,0,,,,,,,,11,0.2,,1.1,,9.7,,6.9,,538,,,,,,0.07,,330,,,,,,,,,,
PL03.0P,3/22/2019,11:50,2,40015674,2.75,,52,,,38,,38,,100,,,5,0,,,,,,,,22,2.55,,1.2,,9.7,,6.8,,537,,,,,,,,,,,,,,,,,,
PL03.0P,6/25/2019,14:51,2,40015677,2.7,,127,,,,,,,,,,,,,,,,,,,11,0.2,,23.7,,8.5,,8.2,,630,,5,,5,,0.16,,340,,,,,,,,,,
PL03.0P,6/25/2019,14:51,2,40015677,2.7,,127,,,,,,,,,,,,,,,,,,,22,2.5,,21.4,,6.4,,7.6,,628,,,,,,,,,,,,,,,,,,
PL03.0P,7/11/2019,13:56,2,40015679,2.6,,132,,,,,,,,,,,,,,,,,,,11,0.2,,26.3,,9.6,,8.2,,507,,5,,5,,0.07,,20,,,,,,,,,,
PL03.0P,7/11/2019,13:56,2,40015679,2.6,,132,,,,,,,,,,,,,,,,,,,22,2.4,,24.1,,5.7,,7.8,,518,,,,,,,X,,X,,,,,,,,,
PL03.0P,7/22/2019,8:20,2,40015681,2.72,,171,,,,,,,,,,,,,,,,,,Veg around upper probe.,11,0.2,,25.2,,6.1,,8,,571,,3,,3,,0.11,,350,,,,,,,,,,
PL03.0P,7/22/2019,8:20,2,40015681,2.72,,171,,,,,,,,,,,,,,,,,,Veg around upper probe.,22,2.52,,25,,5.6,,7.9,,570,,,,,,,,,,,,,,,,,,
PL03.0P,8/8/2019,9:18,2,40015684,2.65,,258,,,,,,,,,,,,,,,,,,No veg around probe.,11,0.2,,25.3,,6,,8,,551,,1,,1,,0.03,,330,,,,,,,,,,
PL03.0P,8/8/2019,9:18,2,40015684,2.65,,258,,,,,,,,,,,,,,,,,,No veg around probe.,22,2.45,,24.8,,4.2,,7.9,,585,,,,,,,X,,X,,,,,,,,,
PL03.0P,8/21/2019,13:00,2,40015686,2.53,,223,,,,,,,,,,,,,,,,,,A little veg around probe.,11,0.2,,24.5,,9.9,,8.5,,564,,,,,,0.03,,20,,,,,,,,,,
PL03.0P,8/21/2019,13:00,2,40015686,2.53,,223,,,,,,,,,,,,,,,,,,A little veg around probe.,22,2.33,,22.6,,3.8,,7.8,,545,,,,,,,,,,,,,,,,,,
PL03.0P,9/16/2019,13:49,2,40015688,2.47,,208,,,,,,,,,,,,,,,,,,,11,0.2,,22.4,,11.2,,8.5,,515,,,,,,0.03,,300,,,,,,,,,,
PL03.0P,9/16/2019,13:49,2,40015688,2.47,,208,,,,,,,,,,,,,,,,,,,22,2.27,,20.9,,7.7,,8.1,,521,,,,,,,,,,,,,,,,,,
PL03.0P,10/10/2019,14:55,2,40015689,2.85,,58,,,,,,,,,,,,,,,,,,,11,0.2,,14.3,,8.7,,8.1,,453,,11,,11,,,,,,,,,,,,,,
PL03.0P,10/10/2019,14:55,2,40015689,2.85,,58,,,,,,,,,,,,,,,,,,,22,2.65,,14.3,,8.7,,8.1,,453,,,,,,,,,,,,,,,,,,
PL03.0P,12/2/2019,14:50,2,40015693,2.49,,121,,,1,,1,,100,,,5,0,,,,,,,,11,0.2,,1.3,,13.3,,8,,567,,5,,5,,0.02,,360,,,,,,,,,,
PL03.0P,12/2/2019,14:50,2,40015693,2.49,,121,,,1,,1,,100,,,5,0,,,,,,,,22,2.29,,1.5,,13,,8,,572,,,,,,,,,,,,,,,,,,
PL03.0P,1/10/2020,12:30,2,40015694,2.65,,100,,,30,,30,,100,,,5,0,,,,,,,,11,0.2,,0.3,,13.1,,7.8,,558,,,,,,0.02,,350,,,,,,,,,,
PL03.0P,1/10/2020,12:30,2,40015694,2.65,,100,,,30,,30,,100,,,5,0,,,,,,,,22,2.45,,0.4,,12.9,,7.8,,569,,,,,,,,,,,,,,,,,,
PL03.0P,2/4/2020,15:15,2,40015697,2.6,,133,,,42,,42,,100,,,5,0,,,,,,,Frozen slush around site.,11,0.2,,0.3,,12.6,,7.8,,508,,,,,,0.01,,360,X,,,,,,,,,
PL03.0P,2/4/2020,15:15,2,40015697,2.6,,133,,,42,,42,,100,,,5,0,,,,,,,Frozen slush around site.,22,2.4,,0.9,,10.6,,7.6,,506,,,,,,,,,,,,,,,,,,
PL03.0P,3/4/2020,11:40,2,40015700,2.6,,176,,,50,,50,,100,,,5,0,,,,,,,,11,0.2,,1,,13.7,,7.7,,491,,4,,4,,0.01,,10,X,,,,,,,,,
PL03.0P,3/4/2020,11:40,2,40015700,2.6,,176,,,50,,50,,100,,,5,0,,,,,,,,22,2.4,,1.7,,13.1,,7.6,,495,,,,,,,,,,,,,,,,,,
PL03.0P,6/15/2020,10:47:00 AM,2,40015963,2.6,,168,,,,,,,,,,,,,,,,,,,11,0.2,,20.2,,8.8,,8.6,,465,,,,,,0.03,,340,,,,,,,,,,
PL03.0P,6/15/2020,10:47:00 AM,2,40015963,2.6,,168,,,,,,,,,,,,,,,,,,,22,2.4,,20.1,,8.7,,8.6,,463,,,,,,,,,,,,,,,,,,
PL03.0P,7/1/2020,3:05:00 PM,2,40015965,2.5,,138,,,,,,,,,,,,,,,,,,,11,0.2,,28.2,,10.4,,8.8,,467,,2,,2,,0.03,,340,,,,,,,,,,
PL03.0P,7/1/2020,3:05:00 PM,2,40015965,2.5,,138,,,,,,,,,,,,,,,,,,,22,2.3,,24.6,,4.4,,8,,495,,,,,,,,,,,,,,,,,,
PL03.0P,7/13/2020,9:58:00 AM,2,40015967,2.42,,242,2,,,,,,,,,,,,,,,,,,11,0.2,,27.1,,11.8,,8.9,,459,,2,,2,,0.01,,70,X,,,,,,,,,
PL03.0P,7/13/2020,9:58:00 AM,2,40015967,2.42,,242,2,,,,,,,,,,,,,,,,,,22,2.22,,25.9,,5.5,,7.8,,471,,,,,,,,,,,,,,,,,,
PL03.0P,7/30/2020,10:19:00 AM,2,40015969,2.42,,242,2,,,,,,,,,,,,,,,,,,11,0.2,,25.7,,8.1,,8.8,,409,,1,,1,,,5,,,,,,,,,,,
PL03.0P,7/30/2020,10:19:00 AM,2,40015969,2.42,,242,2,,,,,,,,,,,,,,,,,,22,2.22,,24.6,,0.5,,7.5,,423,,,,,,,,,,,,,,,,,,
PL03.0P,8/13/2020,1:37:00 PM,2,40015971,2.38,,,5,,,,,,,,,,,,,,,,,Unable to get velocity due to wind.,11,0.2,,25.4,,10.6,,8.8,,375,,,,,,,5,,,,,,,,,,,
PL03.0P,8/13/2020,1:37:00 PM,2,40015971,2.38,,,5,,,,,,,,,,,,,,,,,Unable to get velocity due to wind.,22,2.18,,23.1,,5.4,,8.3,,381,,,,,,,,,,,,,,,,,,
PL03.0P,8/25/2020,1:55:00 PM,2,40015973,2.42,,242,2,,,,,,,,,,,,,,,,,,11,0.2,,28.7,,9.8,,8.6,,401,,2,,2,,0.02,,60,,,,,,,,,,
PL03.0P,8/25/2020,1:55:00 PM,2,40015973,2.42,,242,2,,,,,,,,,,,,,,,,,,22,2.22,,24.4,,0.4,,7.3,,380,,,,,,,,,,,,,,,,,,
PL03.0P,9/10/2020,2:27:00 PM,2,40015975,2.32,,,5,,,,,,,,,,,,,,,,,,11,0.2,,18.1,,7.1,,8.1,,378,,3,,3,,0.01,,120,X,,,,,,,,,
PL03.0P,9/10/2020,2:27:00 PM,2,40015975,2.32,,,5,,,,,,,,,,,,,,,,,,22,2.12,,13,,7.4,,7.9,,380,,,,,,,,,,,,,,,,,,
PL03.0P,1/12/2021,11:39:00 AM,2,40015977,2.62,,199,,,30,,30,,100,,2,,50,,,,,,,,11,0.2,,0.7,,12.9,,8,,452,,2,,2,,0.01,,340,,,,,,,,,,
PL03.0P,1/12/2021,11:39:00 AM,2,40015977,2.62,,199,,,30,,30,,100,,2,,50,,,,,,,,22,2.42,,1.4,,10.5,,7.7,,463,,,,,,,,,,,,,,,,,,
PL03.0P,2/24/2021,2:50:00 PM,2,40015980,2.63,,263,2,,49,,49,,100,,9,,100,,,,,,,,11,0.2,,0.4,,12,,7.9,,466,,,,,,0.01,,330,X,,,,,,,,,
PL03.0P,2/24/2021,2:50:00 PM,2,40015980,2.63,,263,2,,49,,49,,100,,9,,100,,,,,,,,22,2.43,,1.1,,7.1,,7.1,,483,,,,,,0.01,,,X,,,,,,,,,
PL03.0P,3/9/2021,1:45:00 PM,2,40015983,2.5,,161,,,44,,44,,100,,,5,0,,,,,,,,11,0.2,,3.7,,19.9,,8.4,,413,,3,,3,,0.01,,350,X,,,,,,,,,
PL03.0P,3/9/2021,1:45:00 PM,2,40015983,2.5,,161,,,44,,44,,100,,,5,0,,,,,,,,22,2.3,,3.4,,18.9,,8.2,,451,,,,,,,,,,,,,,,,,,
PL03.0P,6/3/2021,10:33:00 AM,2,40015986,2.45,,176,,,,,,,,,,,,,,,,,,,11,0.2,,21.8,,9.7,,8.3,,463,,2,,2,,0.01,,330,X,,,,,,,,,
PL03.0P,6/3/2021,10:33:00 AM,2,40015986,2.45,,176,,,,,,,,,,,,,,,,,,,22,2.25,,18.5,,2.2,,7.6,,464,,,,,,,,,,,,,,,,,,
PL03.0P,6/15/2021,2:38:00 PM,2,40015987,2.56,,,5,,,,,,,,,,,,,,,,,,11,0.2,,27.5,,16.5,,8.7,,435,,,,,,0,,,X,,,,,,,,,
PL03.0P,6/15/2021,2:38:00 PM,2,40015987,2.56,,,5,,,,,,,,,,,,,,,,,,22,2.36,,22.4,,0.3,,7.1,,,5,,,,,,,,,,,,,,,,,
PL03.0P,6/29/2021,8:55:00 AM,2,40015988,2.65,,,5,,,,,,,,,,,,,,,,,,11,0.2,,25.4,,13.7,,9.2,,366,,3,,3,,0,,,X,,,,,,,,,
PL03.0P,6/29/2021,8:55:00 AM,2,40015988,2.65,,,5,,,,,,,,,,,,,,,,,,22,2.45,,22.9,,0.3,,7.4,,441,,,,,,,,,,,,,,,,,,
PL03.0P,7/13/2021,2:25:00 PM,2,40015989,2.63,,,5,,,,,,,,,,,,,,,,,Photo taken of site.,11,0.2,,28.1,,15.6,,8.9,,398,,6,,6,,0,,,X,,,,,,,,,
PL03.0P,7/13/2021,2:25:00 PM,2,40015989,2.63,,,5,,,,,,,,,,,,,,,,,Photo taken of site.,22,2.43,,22.3,,0.2,,7.2,,445,,,,,,,,,,,,,,,,,,
PL03.0P,7/26/2021,2:27:00 PM,2,40015990,2.67,,,5,,,,,,,,,,,,,,,,,,11,0.2,,26.9,,3.4,,7.6,,416,,,,,,0,,,X,,,,,,,,,
PL03.0P,7/26/2021,2:27:00 PM,2,40015990,2.67,,,5,,,,,,,,,,,,,,,,,,22,2.47,,24.5,,0.2,,7.3,,434,,,,,,,,,,,,,,,,,,
PL03.0P,8/9/2021,11:39:00 AM,2,40015991,2.65,,,5,,,,,,,,,,,,,,,,,Lots of vegetation at site.,11,0.2,,26.1,,8,,8.2,,364,,3,,3,,0,,,X,,,,,,,,,
PL03.0P,8/9/2021,11:39:00 AM,2,40015991,2.65,,,5,,,,,,,,,,,,,,,,,Lots of vegetation at site.,22,2.45,,24,,1.2,,7.3,,369,,,,,,,,,,,,,,,,,,
PL03.0P,8/25/2021,2:33:00 PM,2,40015992,2.66,,92,,,,,,,,,,,,,,,,,,Windy ,11,0.2,,24.2,,3.7,,7.9,,365,,,,,,0.06,,290,,,,,,,,,,
PL03.0P,8/25/2021,2:33:00 PM,2,40015992,2.66,,92,,,,,,,,,,,,,,,,,,Windy ,22,2.46,,23.2,,2.7,,7.8,,360,,,,,,,,,,,,,,,,,,
PL03.0P,9/8/2021,10:26:00 AM,2,40015993,2.6,,74,,,,,,,,,,,,,,,,,,Windy,11,0.2,,21.1,,6.5,,7.9,,419,,7,,7,,0.02,,360,,,,,,,,,,
PL03.0P,9/8/2021,10:26:00 AM,2,40015993,2.6,,74,,,,,,,,,,,,,,,,,,Windy,22,2.4,,21.1,,6.2,,7.9,,420,,,,,,,,,,,,,,,,,,
PL03.0P,11/19/2021,12:52:00 PM,6,40018002,2.32,,111,,2,,5,,5,0,,,5,0,,0,0,0,,,,11,0.2,,2.9,,12.5,,8.2,,559,,4,,4,,,5,,,40018002,1,,1,1,,1,,1
PL03.0P,11/19/2021,12:52:00 PM,6,40018002,2.32,,111,,2,,5,,5,0,,,5,0,,0,0,0,,,,22,0.5,,2.8,,12.5,,8.2,,551,,,X,,X,,X,,X,,,,,,,,,
PL03.0P,11/19/2021,12:52:00 PM,6,40018002,2.32,,111,,2,,5,,5,0,,,5,0,,0,0,0,,,,33,1,,2.9,,12.6,,8.2,,554,,,X,,X,,X,,X,,,,,,,,,
PL03.0P,11/19/2021,12:52:00 PM,6,40018002,2.32,,111,,2,,5,,5,0,,,5,0,,0,0,0,,,,44,1.5,,2.9,,12.5,,8.2,,557,,,X,,X,,X,,X,,,,,,,,,
PL03.0P,11/19/2021,12:52:00 PM,6,40018002,2.32,,111,,2,,5,,5,0,,,5,0,,0,0,0,,,,55,2,,3,,12.6,,8.3,,562,,,X,,X,,X,,X,,,,,,,,,
PL03.0P,11/19/2021,12:52:00 PM,6,40018002,2.32,,111,,2,,5,,5,0,,,5,0,,0,0,0,,,,66,2.12,,3,,12.6,,8.3,,563,,,X,,X,,X,,X,,,,,,,,,
PL03.0P,1/13/2022,1:21:00 PM,5,40018011,2.52,,142,,,30,,30,,100,,3,,100,,0,0,0,,,,11,0.2,,0.4,,14.5,,8.2,,576,,2,,2,,0.01,,130,X,40018011,1,,1,1,,1,,1
PL03.0P,1/13/2022,1:21:00 PM,5,40018011,2.52,,142,,,30,,30,,100,,3,,100,,0,0,0,,,,22,1,,0.4,,14.6,,8.2,,578,,,X,,X,,X,,X,,,,,,,,,
PL03.0P,1/13/2022,1:21:00 PM,5,40018011,2.52,,142,,,30,,30,,100,,3,,100,,0,0,0,,,,33,1.5,,0.5,,14.5,,8.2,,580,,,X,,X,,X,,X,,,,,,,,,
PL03.0P,1/13/2022,1:21:00 PM,5,40018011,2.52,,142,,,30,,30,,100,,3,,100,,0,0,0,,,,44,2,,1,,13.9,,8,,600,,,X,,X,,X,,X,,,,,,,,,
PL03.0P,1/13/2022,1:21:00 PM,5,40018011,2.52,,142,,,30,,30,,100,,3,,100,,0,0,0,,,,55,2.32,,1.6,,10.4,,7.9,,597,,,X,,X,,X,,X,,,,,,,,,
PL03.0P,2/14/2022,3:07:00 PM,5,40018019,2.52,,156,,,48,,52,,100,,2,,100,,0,0,0,,,,11,0.2,,0.3,,12.9,,7.9,,560,,,,,,0.01,,350,,40018019,1,,1,1,,1,,1
PL03.0P,2/14/2022,3:07:00 PM,5,40018019,2.52,,156,,,48,,52,,100,,2,,100,,0,0,0,,,,22,1,,0.3,,12.9,,7.9,,560,,,X,,X,,X,,X,,,,,,,,,
PL03.0P,2/14/2022,3:07:00 PM,5,40018019,2.52,,156,,,48,,52,,100,,2,,100,,0,0,0,,,,33,1.5,,0.6,,13,,7.9,,563,,,X,,X,,X,,X,,,,,,,,,
PL03.0P,2/14/2022,3:07:00 PM,5,40018019,2.52,,156,,,48,,52,,100,,2,,100,,0,0,0,,,,44,2,,1.3,,9.6,,7.7,,578,,,X,,X,,X,,X,,,,,,,,,
PL03.0P,2/14/2022,3:07:00 PM,5,40018019,2.52,,156,,,48,,52,,100,,2,,100,,0,0,0,,,,55,2.32,,2.1,,5.5,,7.6,,585,,,X,,X,,X,,X,,,,,,,,,
PL03.0P,3/8/2022,10:55:00 AM,5,40018022,2.54,,79,,,58,,52,,100,,,5,0,,0,0,0,,,,11,0.2,,1.7,,18.5,,8.3,,497,,4,,4,,0.01,,90,,40018022,1,,1,1,,1,,1
PL03.0P,3/8/2022,10:55:00 AM,5,40018022,2.54,,79,,,58,,52,,100,,,5,0,,0,0,0,,,,22,1,,1.5,,20.2,2,8.4,,490,,,X,,X,,X,,X,,,,,,,,,
PL03.0P,3/8/2022,10:55:00 AM,5,40018022,2.54,,79,,,58,,52,,100,,,5,0,,0,0,0,,,,33,1.5,,1.5,,20.1,2,8.4,,507,,,X,,X,,X,,X,,,,,,,,,
PL03.0P,3/8/2022,10:55:00 AM,5,40018022,2.54,,79,,,58,,52,,100,,,5,0,,0,0,0,,,,44,2,,2.7,,7.1,,7.5,,578,,,X,,X,,X,,X,,,,,,,,,
PL03.0P,3/8/2022,10:55:00 AM,5,40018022,2.54,,79,,,58,,52,,100,,,5,0,,0,0,0,,,,55,2.34,,3.2,,2.6,,7.3,,592,,,X,,X,,X,,X,,,,,,,,,
PL03.0P,3/16/2022,10:40:00 AM,5,40015998,2.58,,119,,,50,,50,,100,,,5,0,,,,,,,,11,0.2,,3.5,,30,2,8.9,,446,,3,,3,,0.01,,330,X,,,,,,,,,
PL03.0P,3/16/2022,10:40:00 AM,5,40015998,2.58,,119,,,50,,50,,100,,,5,0,,,,,,,,22,1,,3.4,,27.4,2,8.7,,480,,,,,,,,,,,,,,,,,,
PL03.0P,3/16/2022,10:40:00 AM,5,40015998,2.58,,119,,,50,,50,,100,,,5,0,,,,,,,,33,1.5,,3.2,,24.6,2,8.5,,498,,,,,,,,,,,,,,,,,,
PL03.0P,3/16/2022,10:40:00 AM,5,40015998,2.58,,119,,,50,,50,,100,,,5,0,,,,,,,,44,2,,2.6,,18,,8.1,,523,,,,,,,,,,,,,,,,,,
PL03.0P,3/16/2022,10:40:00 AM,5,40015998,2.58,,119,,,50,,50,,100,,,5,0,,,,,,,,55,2.38,,3.1,,17.4,,8,,528,,,,,,,,,,,,,,,,,,
PL03.0P,6/1/2022,9:09:00 AM,2,40016001,2.51,,129,,,,,,,,,,,,,,,,,,,11,0.2,,18.6,,7.2,,7.9,,528,,6,,6,,0.04,,360,,,,,,,,,,
PL03.0P,6/1/2022,9:09:00 AM,2,40016001,2.51,,129,,,,,,,,,,,,,,,,,,,22,2.31,,17.9,,6.7,,7.8,,532,,,,,,,,,,,,,,,,,,
PL03.0P,6/17/2022,1:51:00 PM,6,40016002,2.51,,126,,,,,,,,,,,,,,,,,,,11,0.2,,22.3,,6.6,,8,,535,,3,,3,,0.04,,340,,,,,,,,,,
PL03.0P,6/17/2022,1:51:00 PM,6,40016002,2.51,,126,,,,,,,,,,,,,,,,,,,22,0.5,,23,,7.2,,8,,543,,,,,,,,,,,,,,,,,,
PL03.0P,6/17/2022,1:51:00 PM,6,40016002,2.51,,126,,,,,,,,,,,,,,,,,,,33,1,,22.8,,6.9,,7.9,,547,,,,,,,,,,,,,,,,,,
PL03.0P,6/17/2022,1:51:00 PM,6,40016002,2.51,,126,,,,,,,,,,,,,,,,,,,44,1.5,,22.1,,6.2,,7.9,,553,,,,,,,,,,,,,,,,,,
PL03.0P,6/17/2022,1:51:00 PM,6,40016002,2.51,,126,,,,,,,,,,,,,,,,,,,55,2,,21.6,,5.5,,7.8,,555,,,,,,,,,,,,,,,,,,
PL03.0P,6/17/2022,1:51:00 PM,6,40016002,2.51,,126,,,,,,,,,,,,,,,,,,,66,2.31,,21.5,,5.4,,7.8,,555,,,,,,,,,,,,,,,,,,
PL03.0P,6/29/2022,11:12:00 AM,6,40016005,2.3,,95,,,,,,,,,,,,,,,,,,,11,0.2,,25.5,,11,,8.6,,560,,4,,4,,,0,,,,,,,,,,,
PL03.0P,6/29/2022,11:12:00 AM,6,40016005,2.3,,95,,,,,,,,,,,,,,,,,,,22,0.5,,24.4,,10.6,,8.5,,557,,,,,,,,,,,,,,,,,,
PL03.0P,6/29/2022,11:12:00 AM,6,40016005,2.3,,95,,,,,,,,,,,,,,,,,,,33,1,,23.7,,10.8,,8.6,,535,,,,,,,,,,,,,,,,,,
PL03.0P,6/29/2022,11:12:00 AM,6,40016005,2.3,,95,,,,,,,,,,,,,,,,,,,44,1.5,,23,,8.2,,8.3,,540,,,,,,,,,,,,,,,,,,
PL03.0P,6/29/2022,11:12:00 AM,6,40016005,2.3,,95,,,,,,,,,,,,,,,,,,,55,2,,22.3,,4.1,,7.7,,553,,,,,,,,,,,,,,,,,,
PL03.0P,6/29/2022,11:12:00 AM,6,40016005,2.3,,95,,,,,,,,,,,,,,,,,,,66,2.1,,22.1,,4,,7.6,,551,,,,,,,,,,,,,,,,,,
PL03.0P,7/13/2022,2:09:00 PM,6,40016006,2.6,,122,,,,,,,,,,,,,,,,,,,11,0.2,,26.9,,10.5,,8.7,,481,,,,,,0.02,,40,,,,,,,,,,
PL03.0P,7/13/2022,2:09:00 PM,6,40016006,2.6,,122,,,,,,,,,,,,,,,,,,,22,0.5,,26.7,,10.9,,8.7,,480,,,,,,,,,,,,,,,,,,
PL03.0P,7/13/2022,2:09:00 PM,6,40016006,2.6,,122,,,,,,,,,,,,,,,,,,,33,1,,24.9,,9.9,,8.6,,486,,,,,,,,,,,,,,,,,,
PL03.0P,7/13/2022,2:09:00 PM,6,40016006,2.6,,122,,,,,,,,,,,,,,,,,,,44,1.5,,24.3,,2.9,,7.5,,494,,,,,,,,,,,,,,,,,,
PL03.0P,7/13/2022,2:09:00 PM,6,40016006,2.6,,122,,,,,,,,,,,,,,,,,,,55,2,,23.6,,0.2,,7.4,,493,,,,,,,,,,,,,,,,,,
PL03.0P,7/13/2022,2:09:00 PM,6,40016006,2.6,,122,,,,,,,,,,,,,,,,,,,66,2.4,,23.4,,0,,7.4,,495,,,,,,,,,,,,,,,,,,
PL03.0P,7/24/2022,9:18:00 AM,6,40016009,2.66,,97,,2,,,,,,,,,,,3,,,1,S,Probe was cover in SAV and holding a patch of duckweed and SAV in place at the site.,11,0.2,,25.4,,3.6,,7.8,,487,,,,,,,5,,,,,,,,,,,
PL03.0P,7/24/2022,9:18:00 AM,6,40016009,2.66,,97,,2,,,,,,,,,,,3,,,1,S,Probe was cover in SAV and holding a patch of duckweed and SAV in place at the site.,22,0.5,,25.3,,3.4,,7.8,,487,,,X,,X,,X,,X,,,,,,,,,
PL03.0P,7/24/2022,9:18:00 AM,6,40016009,2.66,,97,,2,,,,,,,,,,,3,,,1,S,Probe was cover in SAV and holding a patch of duckweed and SAV in place at the site.,33,1,,25.3,,3.5,,7.8,,486,,,X,,X,,X,,X,,,,,,,,,
PL03.0P,7/24/2022,9:18:00 AM,6,40016009,2.66,,97,,2,,,,,,,,,,,3,,,1,S,Probe was cover in SAV and holding a patch of duckweed and SAV in place at the site.,44,1.5,,25.1,,2.4,,7.7,,487,,,X,,X,,X,,X,,,,,,,,,
PL03.0P,7/24/2022,9:18:00 AM,6,40016009,2.66,,97,,2,,,,,,,,,,,3,,,1,S,Probe was cover in SAV and holding a patch of duckweed and SAV in place at the site.,55,2,,24.4,,0,,7.5,,490,,,X,,X,,X,,X,,,,,,,,,
PL03.0P,7/24/2022,9:18:00 AM,6,40016009,2.66,,97,,2,,,,,,,,,,,3,,,1,S,Probe was cover in SAV and holding a patch of duckweed and SAV in place at the site.,66,2.46,,24.4,,0,,7.4,,491,,,X,,X,,X,,X,,,,,,,,,
PL03.0P,8/11/2022,1:56:00 PM,6,40016010,2.5,,107,,1,,,,,,,,,,,3,,,1,S,Only Veg around rope,11,0.2,,28,,10.2,,8.8,,455,,,,,,0.04,,180,,,,,,,,,,
PL03.0P,8/11/2022,1:56:00 PM,6,40016010,2.5,,107,,1,,,,,,,,,,,3,,,1,S,Only Veg around rope,22,0.5,,26.6,,6.9,,8.4,,462,,,X,,X,,X,,X,,,,,,,,,
PL03.0P,8/11/2022,1:56:00 PM,6,40016010,2.5,,107,,1,,,,,,,,,,,3,,,1,S,Only Veg around rope,33,1,,25.1,,4.9,,8.1,,463,,,X,,X,,X,,X,,,,,,,,,
PL03.0P,8/11/2022,1:56:00 PM,6,40016010,2.5,,107,,1,,,,,,,,,,,3,,,1,S,Only Veg around rope,44,1.5,,24.2,,2.8,,7.7,,451,,,X,,X,,X,,X,,,,,,,,,
PL03.0P,8/11/2022,1:56:00 PM,6,40016010,2.5,,107,,1,,,,,,,,,,,3,,,1,S,Only Veg around rope,55,2,,23.8,,0.6,,7.5,,454,,,X,,X,,X,,X,,,,,,,,,
PL03.0P,8/11/2022,1:56:00 PM,6,40016010,2.5,,107,,1,,,,,,,,,,,3,,,1,S,Only Veg around rope,66,2.3,,23.7,,0,,7.5,,455,,,X,,X,,X,,X,,,,,,,,,
PL03.0P,11/16/2022,11:48:00 AM,6,40018027,2.7,,270,2,1,,5,,5,0,,,5,0,,0,0,0,,,,11,0.2,,4.5,,11.3,,8.1,,432,,2,,2,,,,,,40018027,1,,1,1,,1,,1
PL03.0P,11/16/2022,11:48:00 AM,6,40018027,2.7,,270,2,1,,5,,5,0,,,5,0,,0,0,0,,,,22,0.5,,4.6,,11.3,,8.1,,432,,,X,,X,,X,,X,,,,,,,,,
PL03.0P,11/16/2022,11:48:00 AM,6,40018027,2.7,,270,2,1,,5,,5,0,,,5,0,,0,0,0,,,,33,1,,4.5,,11.4,,8.1,,433,,,X,,X,,X,,X,,,,,,,,,
PL03.0P,11/16/2022,11:48:00 AM,6,40018027,2.7,,270,2,1,,5,,5,0,,,5,0,,0,0,0,,,,44,1.5,,4.5,,11.3,,8.1,,433,,,X,,X,,X,,X,,,,,,,,,
PL03.0P,11/16/2022,11:48:00 AM,6,40018027,2.7,,270,2,1,,5,,5,0,,,5,0,,0,0,0,,,,55,2,,4.6,,11.3,,8.1,,433,,,X,,X,,X,,X,,,,,,,,,
PL03.0P,11/16/2022,11:48:00 AM,6,40018027,2.7,,270,2,1,,5,,5,0,,,5,0,,0,0,0,,,,66,2.5,,4.6,,11.3,,8.1,,433,,,X,,X,,X,,X,,,,,,,,,
PL03.0P,1/10/2023,1:55:00 PM,5,40018131,2.66,,180,,,35,,34,,100,,2,,90,,0,0,0,,,,11,0.2,,0.3,,14.2,,8.1,,423,,3,,3,,0.01,,340,X,40018131,1,,1,1,,1,,1
PL03.0P,1/10/2023,1:55:00 PM,5,40018131,2.66,,180,,,35,,34,,100,,2,,90,,0,0,0,,,,22,1,,0.4,,14.4,,8.1,,432,,,X,,X,,X,,X,,,,,,,,,
PL03.0P,1/10/2023,1:55:00 PM,5,40018131,2.66,,180,,,35,,34,,100,,2,,90,,0,0,0,,,,33,1.5,,0.4,,14.4,,8.1,,430,,,X,,X,,X,,X,,,,,,,,,
PL03.0P,1/10/2023,1:55:00 PM,5,40018131,2.66,,180,,,35,,34,,100,,2,,90,,0,0,0,,,,44,2,,1.1,,13.2,,8,,433,,,X,,X,,X,,X,,,,,,,,,
PL03.0P,1/10/2023,1:55:00 PM,5,40018131,2.66,,180,,,35,,34,,100,,2,,90,,0,0,0,,,,55,2.5,,1.6,,11.6,,7.8,,437,,,X,,X,,X,,X,,,,,,,,,
PL03.0P,2/17/2023,2:31:00 PM,5,40018140,2.59,,145,,,41,,38,,100,,,5,0,,,,,,,,11,0.2,,1.6,,15.6,,8.3,,402,,,,,,0,,,X,40018140,1,,1,1,,1,,1
PL03.0P,2/17/2023,2:31:00 PM,5,40018140,2.59,,145,,,41,,38,,100,,,5,0,,,,,,,,22,1,,1.3,,14.2,,8,,422,,,X,,X,,X,,X,,,,,,,,,
PL03.0P,2/17/2023,2:31:00 PM,5,40018140,2.59,,145,,,41,,38,,100,,,5,0,,,,,,,,33,1.5,,1.4,,15.3,,8.2,,419,,,X,,X,,X,,X,,,,,,,,,
PL03.0P,2/17/2023,2:31:00 PM,5,40018140,2.59,,145,,,41,,38,,100,,,5,0,,,,,,,,44,2,,1.8,,16,,8.2,,420,,,X,,X,,X,,X,,,,,,,,,
PL03.0P,2/17/2023,2:31:00 PM,5,40018140,2.59,,145,,,41,,38,,100,,,5,0,,,,,,,,55,2.39,,2.7,,12,,7.8,,440,,,X,,X,,X,,X,,,,,,,,,
PL03.0P,3/7/2023,12:11:00 PM,5,40018141,2.63,,171,,,50,,46,,100,,,5,0,,0,0,0,,,pH calibration was out of tolerance ,11,0.2,,1.6,,15.2,,8.3,0,414,,,,,,0.01,,330,X,40018141,1,,1,1,,1,,1
PL03.0P,3/7/2023,12:11:00 PM,5,40018141,2.63,,171,,,50,,46,,100,,,5,0,,0,0,0,,,pH calibration was out of tolerance ,22,1,,1.5,,14.8,,8.3,0,417,,,X,,X,,X,,X,,,,,,,,,
PL03.0P,3/7/2023,12:11:00 PM,5,40018141,2.63,,171,,,50,,46,,100,,,5,0,,0,0,0,,,pH calibration was out of tolerance ,33,1.5,,1.7,,15.9,,8.3,0,420,,,X,,X,,X,,X,,,,,,,,,
PL03.0P,3/7/2023,12:11:00 PM,5,40018141,2.63,,171,,,50,,46,,100,,,5,0,,0,0,0,,,pH calibration was out of tolerance ,44,2,,1.9,,16,,8.4,0,421,,,X,,X,,X,,X,,,,,,,,,
PL03.0P,3/7/2023,12:11:00 PM,5,40018141,2.63,,171,,,50,,46,,100,,,5,0,,0,0,0,,,pH calibration was out of tolerance ,55,2.5,,2.2,,16.5,,8.4,0,425,,,X,,X,,X,,X,,,,,,,,,
PL04.0P,11/19/2021,1:26:00 PM,7,40018003,3.29,,122,,2,,5,,5,0,,,5,0,,0,0,0,,,,11,0.2,,3.4,,12.1,,8.3,,487,,4,,4,,,X,,X,40018003,1,,1,1,,1,,1
PL04.0P,11/19/2021,1:26:00 PM,7,40018003,3.29,,122,,2,,5,,5,0,,,5,0,,0,0,0,,,,22,0.5,,3.4,,12.2,,8.7,,487,,,X,,X,,X,,X,,,,,,,,,
PL04.0P,11/19/2021,1:26:00 PM,7,40018003,3.29,,122,,2,,5,,5,0,,,5,0,,0,0,0,,,,33,1,,3.4,,12.2,,8.3,,486,,,X,,X,,X,,X,,,,,,,,,
PL04.0P,11/19/2021,1:26:00 PM,7,40018003,3.29,,122,,2,,5,,5,0,,,5,0,,0,0,0,,,,44,1.5,,3.4,,12.2,,8.2,,487,,,X,,X,,X,,X,,,,,,,,,
PL04.0P,11/19/2021,1:26:00 PM,7,40018003,3.29,,122,,2,,5,,5,0,,,5,0,,0,0,0,,,,55,2,,3.5,,12.2,,8.3,,487,,,X,,X,,X,,X,,,,,,,,,
PL04.0P,11/19/2021,1:26:00 PM,7,40018003,3.29,,122,,2,,5,,5,0,,,5,0,,0,0,0,,,,66,2.5,,3.5,,12.2,,8.3,,487,,,X,,X,,X,,X,,,,,,,,,
PL04.0P,11/19/2021,1:26:00 PM,7,40018003,3.29,,122,,2,,5,,5,0,,,5,0,,0,0,0,,,,77,3,,3.5,,12.2,,8.3,,487,,,X,,X,,X,,X,,,,,,,,,
PL04.0P,11/19/2021,1:35:00 PM,1,40018004,3.29,,122,,2,,5,,5,0,,,5,0,,0,0,0,,,Sheet 4 Continued,11,3.09,,3.5,,12.2,,8.3,,487,,,X,,X,,X,,X,,,,,,,,,
PL04.0P,1/13/2022,1:04:00 PM,7,40018010,3.28,,115,,,26,,26,,100,,4,,100,,0,0,0,,,,11,0.2,,0.7,,13.6,,8.2,,565,,3,,3,,0.01,,340,X,40018010,1,,1,1,,1,,1
PL04.0P,1/13/2022,1:04:00 PM,7,40018010,3.28,,115,,,26,,26,,100,,4,,100,,0,0,0,,,,22,1,,0.4,,13.9,,8.2,,569,,,X,,X,,X,,X,,,,,,,,,
PL04.0P,1/13/2022,1:04:00 PM,7,40018010,3.28,,115,,,26,,26,,100,,4,,100,,0,0,0,,,,33,1.5,,0.4,,14.2,,8.2,,579,,,X,,X,,X,,X,,,,,,,,,
PL04.0P,1/13/2022,1:04:00 PM,7,40018010,3.28,,115,,,26,,26,,100,,4,,100,,0,0,0,,,,44,2,,1.3,,11.4,,7.9,,579,,,X,,X,,X,,X,,,,,,,,,
PL04.0P,1/13/2022,1:04:00 PM,7,40018010,3.28,,115,,,26,,26,,100,,4,,100,,0,0,0,,,,55,2.5,,1.4,,10.9,,7.9,,583,,,X,,X,,X,,X,,,,,,,,,
PL04.0P,1/13/2022,1:04:00 PM,7,40018010,3.28,,115,,,26,,26,,100,,4,,100,,0,0,0,,,,66,3,,1.4,,10.8,,7.8,,583,,,X,,X,,X,,X,,,,,,,,,
PL04.0P,1/13/2022,1:04:00 PM,7,40018010,3.28,,115,,,26,,26,,100,,4,,100,,0,0,0,,,,77,3.1,,1.4,,10.6,,7.8,,583,,,X,,X,,X,,X,,,,,,,,,
PL04.0P,2/14/2022,2:50:00 PM,7,40018018,3.4,,231,,,47,,44,,100,,4,,100,,0,0,0,,,,11,0.2,,0.3,,12.1,,7.9,,530,,,,,,0.02,,330,,40018018,1,,1,1,,1,,1
PL04.0P,2/14/2022,2:50:00 PM,7,40018018,3.4,,231,,,47,,44,,100,,4,,100,,0,0,0,,,,22,1,,0.3,,12.1,,7.8,,536,,,X,,X,,X,,X,,,,,,,,,
PL04.0P,2/14/2022,2:50:00 PM,7,40018018,3.4,,231,,,47,,44,,100,,4,,100,,0,0,0,,,,33,1.5,,0.9,,11.3,,7.8,,560,,,X,,X,,X,,X,,,,,,,,,
PL04.0P,2/14/2022,2:50:00 PM,7,40018018,3.4,,231,,,47,,44,,100,,4,,100,,0,0,0,,,,44,2,,1.6,,7.4,,7.7,,583,,,X,,X,,X,,X,,,,,,,,,
PL04.0P,2/14/2022,2:50:00 PM,7,40018018,3.4,,231,,,47,,44,,100,,4,,100,,0,0,0,,,,55,2.5,,1.8,,6.3,,7.6,,585,,,X,,X,,X,,X,,,,,,,,,
PL04.0P,2/14/2022,2:50:00 PM,7,40018018,3.4,,231,,,47,,44,,100,,4,,100,,0,0,0,,,,66,3,,2,,5.5,,7.6,,587,,,X,,X,,X,,X,,,,,,,,,
PL04.0P,2/14/2022,2:50:00 PM,7,40018018,3.4,,231,,,47,,44,,100,,4,,100,,0,0,0,,,,77,3.2,,2.2,,5.2,,7.6,,586,,,X,,X,,X,,X,,,,,,,,,
PL04.0P,3/8/2022,11:16:00 AM,7,40018023,3.35,,171,,,49,,46,,100,,,,0,,0,0,0,,,,11,0.2,,1,,14.2,,7.8,,516,,3,,3,,0.02,,340,,40018023,1,,1,1,,1,,1
PL04.0P,3/8/2022,11:16:00 AM,7,40018023,3.35,,171,,,49,,46,,100,,,,0,,0,0,0,,,,22,1,,1,,14.2,,7.9,,517,,,X,,X,,X,,X,,,,,,,,,
PL04.0P,3/8/2022,11:16:00 AM,7,40018023,3.35,,171,,,49,,46,,100,,,,0,,0,0,0,,,,33,1.5,,1.4,,18.6,,8.2,,519,,,X,,X,,X,,X,,,,,,,,,
PL04.0P,3/8/2022,11:16:00 AM,7,40018023,3.35,,171,,,49,,46,,100,,,,0,,0,0,0,,,,44,2,,2.5,,7.4,,7.5,,580,,,X,,X,,X,,X,,,,,,,,,
PL04.0P,3/8/2022,11:16:00 AM,7,40018023,3.35,,171,,,49,,46,,100,,,,0,,0,0,0,,,,55,2.5,,3,,3.3,,7.4,,589,,,X,,X,,X,,X,,,,,,,,,
PL04.0P,3/8/2022,11:16:00 AM,7,40018023,3.35,,171,,,49,,46,,100,,,,0,,0,0,0,,,,66,3,,3.2,,1.6,,7.3,,597,,,X,,X,,X,,X,,,,,,,,,
PL04.0P,3/8/2022,11:16:00 AM,7,40018023,3.35,,171,,,49,,46,,100,,,,0,,0,0,0,,,,77,3.05,,3.4,,1.2,,7.3,,598,,,X,,X,,X,,X,,,,,,,,,
PL04.0P,3/16/2022,12:16:00 PM,7,40015999,3.4,,181,,,47,,47,,100,,,5,0,,,,,,,,11,0.2,,2.9,,13.5,,7.9,,514,,4,,4,,0.01,,20,X,,,,,,,,,
PL04.0P,3/16/2022,12:16:00 PM,7,40015999,3.4,,181,,,47,,47,,100,,,5,0,,,,,,,,22,1,,2.4,,13.9,,7.8,,521,,,,,,,,,,,,,,,,,,
PL04.0P,3/16/2022,12:16:00 PM,7,40015999,3.4,,181,,,47,,47,,100,,,5,0,,,,,,,,33,1.5,,2,,14.4,,7.8,,526,,,,,,,,,,,,,,,,,,
PL04.0P,3/16/2022,12:16:00 PM,7,40015999,3.4,,181,,,47,,47,,100,,,5,0,,,,,,,,44,2,,3.3,,11.3,,7.6,,571,,,,,,,,,,,,,,,,,,
PL04.0P,3/16/2022,12:16:00 PM,7,40015999,3.4,,181,,,47,,47,,100,,,5,0,,,,,,,,55,2.5,,3.9,,5.4,,7.4,,596,,,,,,,,,,,,,,,,,,
PL04.0P,3/16/2022,12:16:00 PM,7,40015999,3.4,,181,,,47,,47,,100,,,5,0,,,,,,,,66,3,,4.1,,2.7,,7.3,,597,,,,,,,,,,,,,,,,,,
PL04.0P,3/16/2022,12:16:00 PM,7,40015999,3.4,,181,,,47,,47,,100,,,5,0,,,,,,,,77,3.2,,4.2,,1.9,,7.3,,598,,,,,,,,,,,,,,,,,,
PL04.0P,11/16/2022,12:12:00 PM,7,40018028,3.42,,259,,1,,5,,5,0,,,5,0,,0,0,0,,,,11,0.2,,4.8,,11.3,,8.2,,442,,2,,2,,,5,,,40018028,1,,1,1,,1,,1
PL04.0P,11/16/2022,12:12:00 PM,7,40018028,3.42,,259,,1,,5,,5,0,,,5,0,,0,0,0,,,,22,0.5,,4.7,,11.3,,8.2,,440,,,X,,X,,X,,X,,,,,,,,,
PL04.0P,11/16/2022,12:12:00 PM,7,40018028,3.42,,259,,1,,5,,5,0,,,5,0,,0,0,0,,,,33,1,,4.8,,11.3,,8.2,,441,,,X,,X,,X,,X,,,,,,,,,
PL04.0P,11/16/2022,12:12:00 PM,7,40018028,3.42,,259,,1,,5,,5,0,,,5,0,,0,0,0,,,,44,1.5,,4.7,,11.3,,8.2,,440,,,X,,X,,X,,X,,,,,,,,,
PL04.0P,11/16/2022,12:12:00 PM,7,40018028,3.42,,259,,1,,5,,5,0,,,5,0,,0,0,0,,,,55,2,,4.7,,11.3,,8.2,,441,,,X,,X,,X,,X,,,,,,,,,
PL04.0P,11/16/2022,12:12:00 PM,7,40018028,3.42,,259,,1,,5,,5,0,,,5,0,,0,0,0,,,,66,2.5,,4.7,,11.4,,8.2,,441,,,X,,X,,X,,X,,,,,,,,,
PL04.0P,11/16/2022,12:12:00 PM,7,40018028,3.42,,259,,1,,5,,5,0,,,5,0,,0,0,0,,,,77,3,,4.7,,11.4,,8.2,,441,,,X,,X,,X,,X,,,,,,,,,
PL04.0P,11/16/2022,12:25:00 PM,1,40018030,3.42,,259,,1,,5,,5,0,,,5,0,,0,0,0,,,Sheet 4 Continued,11,3.2,,4.7,,11.3,,8.2,,441,,,X,,X,,X,,X,,,,,,,,,
PL04.0P,1/10/2023,2:09:00 PM,7,40018132,3.37,,170,,,35,,34,,100,,2,,90,,0,0,0,,,,11,0.2,,0.3,,13.4,,8,,429,,3,,3,,0.01,,330,X,40018132,1,,1,1,,1,,1
PL04.0P,1/10/2023,2:09:00 PM,7,40018132,3.37,,170,,,35,,34,,100,,2,,90,,0,0,0,,,,22,1,,0.3,,13.5,,8,,429,,,X,,X,,X,,X,,,,,,,,,
PL04.0P,1/10/2023,2:09:00 PM,7,40018132,3.37,,170,,,35,,34,,100,,2,,90,,0,0,0,,,,33,1.5,,0.4,,13.9,,8.1,,435,,,X,,X,,X,,X,,,,,,,,,
PL04.0P,1/10/2023,2:09:00 PM,7,40018132,3.37,,170,,,35,,34,,100,,2,,90,,0,0,0,,,,44,2,,1,,13.9,,8.1,,434,,,X,,X,,X,,X,,,,,,,,,
PL04.0P,1/10/2023,2:09:00 PM,7,40018132,3.37,,170,,,35,,34,,100,,2,,90,,0,0,0,,,,55,2.5,,2,,10.3,,7.8,,429,,,X,,X,,X,,X,,,,,,,,,
PL04.0P,1/10/2023,2:09:00 PM,7,40018132,3.37,,170,,,35,,34,,100,,2,,90,,0,0,0,,,,66,3,,2.3,,8.8,,7.7,,429,,,X,,X,,X,,X,,,,,,,,,
PL04.0P,1/10/2023,2:09:00 PM,7,40018132,3.37,,170,,,35,,34,,100,,2,,90,,0,0,0,,,,77,3.2,,2.4,,8.6,,7.7,,431,,,X,,X,,X,,X,,,,,,,,,
PL04.0P,2/17/2023,1:57:00 PM,7,40018139,3.3,,210,,,41,,38,,100,,,5,0,,0,0,0,,,,11,0.2,,0.6,,14.2,,8,,441,,,,,,0,,,,40018139,1,,1,1,,1,,1
PL04.0P,2/17/2023,1:57:00 PM,7,40018139,3.3,,210,,,41,,38,,100,,,5,0,,0,0,0,,,,22,1,,0.5,,14.2,,8,,441,,,X,,X,,X,,X,,,,,,,,,
PL04.0P,2/17/2023,1:57:00 PM,7,40018139,3.3,,210,,,41,,38,,100,,,5,0,,0,0,0,,,,33,1.5,,0.6,,14.5,,8,,433,,,X,,X,,X,,X,,,,,,,,,
PL04.0P,2/17/2023,1:57:00 PM,7,40018139,3.3,,210,,,41,,38,,100,,,5,0,,0,0,0,,,,44,2,,2.2,,13.8,,8.1,,444,,,X,,X,,X,,X,,,,,,,,,
PL04.0P,2/17/2023,1:57:00 PM,7,40018139,3.3,,210,,,41,,38,,100,,,5,0,,0,0,0,,,,55,2.5,,3,,7.2,,7.6,,450,,,X,,X,,X,,X,,,,,,,,,
PL04.0P,2/17/2023,1:57:00 PM,7,40018139,3.3,,210,,,41,,38,,100,,,5,0,,0,0,0,,,,66,3,,3.6,,4.9,,7.5,,450,,,X,,X,,X,,X,,,,,,,,,
PL04.0P,2/17/2023,1:57:00 PM,7,40018139,3.3,,210,,,41,,38,,100,,,5,0,,0,0,0,,,,77,3.1,,3.7,,4.6,,7.5,,450,,,X,,X,,X,,X,,,,,,,,,
PL04.0P,3/7/2023,12:29:00 PM,7,40018142,3.37,,166,,,45,,42,,100,,,5,0,,0,0,0,,,pH calibration was out of tolerance ,11,0.2,,1.3,,13.2,,8.2,0,417,,,,,,0.01,,40,X,40018142,1,,1,1,,1,,1
PL04.0P,3/7/2023,12:29:00 PM,7,40018142,3.37,,166,,,45,,42,,100,,,5,0,,0,0,0,,,pH calibration was out of tolerance ,22,1,,1.3,,13.2,,8.1,0,420,,,X,,X,,X,,X,,,,,,,,,
PL04.0P,3/7/2023,12:29:00 PM,7,40018142,3.37,,166,,,45,,42,,100,,,5,0,,0,0,0,,,pH calibration was out of tolerance ,33,1.5,,1.3,,13.6,,8.1,0,421,,,X,,X,,X,,X,,,,,,,,,
PL04.0P,3/7/2023,12:29:00 PM,7,40018142,3.37,,166,,,45,,42,,100,,,5,0,,0,0,0,,,pH calibration was out of tolerance ,44,2,,1.3,,14,,8.2,0,423,,,X,,X,,X,,X,,,,,,,,,
PL04.0P,3/7/2023,12:29:00 PM,7,40018142,3.37,,166,,,45,,42,,100,,,5,0,,0,0,0,,,pH calibration was out of tolerance ,55,2.5,,1.4,,14.1,,8.2,0,423,,,X,,X,,X,,X,,,,,,,,,
PL04.0P,3/7/2023,12:29:00 PM,7,40018142,3.37,,166,,,45,,42,,100,,,5,0,,0,0,0,,,pH calibration was out of tolerance ,66,3,,1.7,,14.1,,8.2,0,421,,,X,,X,,X,,X,,,,,,,,,
PL04.0P,3/7/2023,12:29:00 PM,7,40018142,3.37,,166,,,45,,42,,100,,,5,0,,0,0,0,,,pH calibration was out of tolerance ,77,3.17,,2.4,,13.4,,8.1,0,430,,,X,,X,,X,,X,,,,,,,,,
